-- --------------------------------------------------------
-- Host:                         127.0.0.1
-- Server version:               5.6.24 - MySQL Community Server (GPL)
-- Server OS:                    Win32
-- HeidiSQL Version:             8.3.0.4694
-- --------------------------------------------------------

/*!40101 SET @OLD_CHARACTER_SET_CLIENT=@@CHARACTER_SET_CLIENT */;
/*!40101 SET NAMES utf8 */;
/*!40014 SET @OLD_FOREIGN_KEY_CHECKS=@@FOREIGN_KEY_CHECKS, FOREIGN_KEY_CHECKS=0 */;
/*!40101 SET @OLD_SQL_MODE=@@SQL_MODE, SQL_MODE='NO_AUTO_VALUE_ON_ZERO' */;

-- Dumping database structure for ssn
CREATE DATABASE IF NOT EXISTS `ssn` /*!40100 DEFAULT CHARACTER SET utf8 COLLATE utf8_unicode_ci */;
USE `ssn`;


-- Dumping structure for table ssn.mind_actions
CREATE TABLE IF NOT EXISTS `mind_actions` (
  `id` int(11) NOT NULL AUTO_INCREMENT,
  `action_name` varchar(63) DEFAULT NULL,
  `controller_id` int(11) DEFAULT NULL,
  PRIMARY KEY (`id`)
) ENGINE=InnoDB AUTO_INCREMENT=223 DEFAULT CHARSET=latin1;

-- Dumping data for table ssn.mind_actions: ~222 rows (approximately)
/*!40000 ALTER TABLE `mind_actions` DISABLE KEYS */;
INSERT INTO `mind_actions` (`id`, `action_name`, `controller_id`) VALUES
	(1, 'view', 77),
	(2, 'create', 77),
	(3, 'update', 77),
	(4, 'delete', 77),
	(5, 'index', 77),
	(6, 'error', 78),
	(7, 'view', 78),
	(8, 'view', 79),
	(9, 'create', 79),
	(10, 'update', 79),
	(11, 'delete', 79),
	(12, 'index', 79),
	(13, 'view', 80),
	(14, 'create', 80),
	(15, 'update', 80),
	(16, 'delete', 80),
	(17, 'index', 80),
	(18, 'index', 81),
	(19, 'listproblem', 81),
	(20, 'listspecialty', 81),
	(21, 'index', 82),
	(22, 'unsubscribe', 82),
	(23, 'error', 82),
	(24, 'contact', 82),
	(25, 'thankyou', 82),
	(26, 'guestsubscriber', 82),
	(27, 'underconstruction', 82),
	(28, 'test', 82),
	(29, 'view', 83),
	(30, 'create', 83),
	(31, 'update', 83),
	(32, 'delete', 83),
	(33, 'index', 83),
	(34, 'admin', 83),
	(35, 'ajaxactivate', 83),
	(36, 'ajaxdeactivate', 83),
	(37, 'ajaxshow', 83),
	(38, 'ajaxnotshow', 83),
	(39, 'ajaxapprove', 83),
	(40, 'view', 84),
	(41, 'create', 84),
	(42, 'update', 84),
	(43, 'delete', 84),
	(44, 'index', 84),
	(45, 'ajaxactivate', 84),
	(46, 'ajaxdeactivate', 84),
	(47, 'ajaxshow', 84),
	(48, 'ajaxnotshow', 84),
	(49, 'ajaxapprove', 84),
	(50, 'view', 85),
	(51, 'create', 85),
	(52, 'update', 85),
	(53, 'delete', 85),
	(54, 'index', 85),
	(55, 'ajaxactivate', 85),
	(56, 'ajaxdeactivate', 85),
	(57, 'ajaxshow', 85),
	(58, 'ajaxnotshow', 85),
	(59, 'ajaxapprove', 85),
	(60, 'view', 86),
	(61, 'create', 86),
	(62, 'update', 86),
	(63, 'delete', 86),
	(64, 'index', 86),
	(65, 'uploadfile', 86),
	(66, 'ajaxactivate', 86),
	(67, 'ajaxdeactivate', 86),
	(68, 'ajaxshow', 86),
	(69, 'ajaxnotshow', 86),
	(70, 'ajaxapprove', 86),
	(71, 'view', 87),
	(72, 'create', 87),
	(73, 'update', 87),
	(74, 'delete', 87),
	(75, 'index', 87),
	(76, 'ajaxactivate', 87),
	(77, 'ajaxdeactivate', 87),
	(78, 'ajaxshow', 87),
	(79, 'ajaxnotshow', 87),
	(80, 'ajaxapprove', 87),
	(81, 'view', 88),
	(82, 'create', 88),
	(83, 'update', 88),
	(84, 'delete', 88),
	(85, 'index', 88),
	(86, 'admin', 88),
	(87, 'ajaxactivate', 88),
	(88, 'ajaxdeactivate', 88),
	(89, 'ajaxshow', 88),
	(90, 'ajaxnotshow', 88),
	(91, 'ajaxapprove', 88),
	(92, 'getactionsname', 89),
	(93, 'test', 89),
	(94, 'index', 89),
	(95, 'view', 90),
	(96, 'create', 90),
	(97, 'update', 90),
	(98, 'delete', 90),
	(99, 'index', 90),
	(100, 'update_my_profile', 90),
	(101, 'change_my_password', 90),
	(102, 'ajaxactivate', 90),
	(103, 'ajaxdeactivate', 90),
	(104, 'ajaxshow', 90),
	(105, 'ajaxnotshow', 90),
	(106, 'ajaxapprove', 90),
	(107, 'view', 91),
	(108, 'help', 91),
	(109, 'update', 91),
	(110, 'addcustomphoto', 91),
	(111, 'choosemodel', 91),
	(112, 'delete', 91),
	(113, 'index', 91),
	(114, 'handlecropzoom', 91),
	(115, 'ajaxactivate', 91),
	(116, 'ajaxdeactivate', 91),
	(117, 'ajaxshow', 91),
	(118, 'ajaxnotshow', 91),
	(119, 'ajaxapprove', 91),
	(120, 'exportexcel', 92),
	(121, 'view', 92),
	(122, 'create', 92),
	(123, 'update', 92),
	(124, 'delete', 92),
	(125, 'index', 92),
	(126, 'ajaxactivate', 92),
	(127, 'ajaxdeactivate', 92),
	(128, 'ajaxshow', 92),
	(129, 'ajaxnotshow', 92),
	(130, 'ajaxapprove', 92),
	(131, 'view', 93),
	(132, 'create', 93),
	(133, 'update', 93),
	(134, 'delete', 93),
	(135, 'index', 93),
	(136, 'ajaxactivate', 93),
	(137, 'ajaxdeactivate', 93),
	(138, 'ajaxshow', 93),
	(139, 'ajaxnotshow', 93),
	(140, 'ajaxapprove', 93),
	(141, 'create', 94),
	(142, 'view', 94),
	(143, 'update', 94),
	(144, 'delete', 94),
	(145, 'index', 94),
	(146, 'ajaxactivate', 94),
	(147, 'ajaxdeactivate', 94),
	(148, 'ajaxshow', 94),
	(149, 'ajaxnotshow', 94),
	(150, 'ajaxapprove', 94),
	(151, 'view', 95),
	(152, 'create', 95),
	(153, 'update', 95),
	(154, 'delete', 95),
	(155, 'index', 95),
	(156, 'ajaxactivate', 95),
	(157, 'ajaxdeactivate', 95),
	(158, 'ajaxshow', 95),
	(159, 'ajaxnotshow', 95),
	(160, 'ajaxapprove', 95),
	(161, 'view', 96),
	(162, 'create', 96),
	(163, 'update', 96),
	(164, 'delete', 96),
	(165, 'index', 96),
	(166, 'ajaxactivate', 96),
	(167, 'ajaxdeactivate', 96),
	(168, 'ajaxshow', 96),
	(169, 'ajaxnotshow', 96),
	(170, 'ajaxapprove', 96),
	(171, 'view', 97),
	(172, 'create', 97),
	(173, 'addroles', 97),
	(174, 'update', 97),
	(175, 'viewroles', 97),
	(176, 'delete', 97),
	(177, 'index', 97),
	(178, 'admin', 97),
	(179, 'ajaxactivate', 97),
	(180, 'ajaxdeactivate', 97),
	(181, 'ajaxshow', 97),
	(182, 'ajaxnotshow', 97),
	(183, 'ajaxapprove', 97),
	(184, 'update', 98),
	(185, 'index', 98),
	(186, 'ajaxactivate', 98),
	(187, 'ajaxdeactivate', 98),
	(188, 'ajaxshow', 98),
	(189, 'ajaxnotshow', 98),
	(190, 'ajaxapprove', 98),
	(191, 'forgotpassword', 99),
	(192, 'resetpassword', 99),
	(193, 'changepassword', 99),
	(194, 'error', 99),
	(195, 'index', 99),
	(196, 'login', 99),
	(197, 'logout', 99),
	(198, 'ajaxactivate', 99),
	(199, 'ajaxdeactivate', 99),
	(200, 'ajaxshow', 99),
	(201, 'ajaxnotshow', 99),
	(202, 'ajaxapprove', 99),
	(203, 'view', 100),
	(204, 'create', 100),
	(205, 'update', 100),
	(206, 'delete', 100),
	(207, 'index', 100),
	(208, 'ajaxactivate', 100),
	(209, 'ajaxdeactivate', 100),
	(210, 'ajaxshow', 100),
	(211, 'ajaxnotshow', 100),
	(212, 'ajaxapprove', 100),
	(213, 'view', 101),
	(214, 'create', 101),
	(215, 'update', 101),
	(216, 'delete', 101),
	(217, 'index', 101),
	(218, 'ajaxactivate', 101),
	(219, 'ajaxdeactivate', 101),
	(220, 'ajaxshow', 101),
	(221, 'ajaxnotshow', 101),
	(222, 'ajaxapprove', 101);
/*!40000 ALTER TABLE `mind_actions` ENABLE KEYS */;


-- Dumping structure for table ssn.mind_actions_roles
CREATE TABLE IF NOT EXISTS `mind_actions_roles` (
  `id` int(11) NOT NULL AUTO_INCREMENT,
  `roles_id` int(11) DEFAULT NULL,
  `controller_id` int(11) DEFAULT NULL,
  `actions` varchar(1000) DEFAULT NULL,
  `can_access` varchar(10) DEFAULT NULL,
  PRIMARY KEY (`id`),
  KEY `can_access` (`can_access`),
  KEY `controller_id` (`controller_id`)
) ENGINE=InnoDB AUTO_INCREMENT=245 DEFAULT CHARSET=latin1;

-- Dumping data for table ssn.mind_actions_roles: ~191 rows (approximately)
/*!40000 ALTER TABLE `mind_actions_roles` DISABLE KEYS */;
INSERT INTO `mind_actions_roles` (`id`, `roles_id`, `controller_id`, `actions`, `can_access`) VALUES
	(50, 2, 106, 'View, Create, Update, Delete, List, Index, AjaxActivate, AjaxDeactivate, AjaxShow, AjaxNotShow, AjaxApprove', 'allow'),
	(51, 2, 107, 'View, Create, Update, Delete, Index, AjaxActivate, AjaxDeactivate, AjaxShow, AjaxNotShow, AjaxApprove', 'allow'),
	(52, 2, 108, 'View, Create, Update, Delete, Index, Admin, AjaxActivate, AjaxDeactivate, AjaxShow, AjaxNotShow, AjaxApprove', 'allow'),
	(53, 2, 109, 'View, Create, Update, Delete, Index, AjaxActivate, AjaxDeactivate, AjaxShow, AjaxNotShow, AjaxApprove', 'allow'),
	(54, 2, 110, 'Create,Delete,Index,Update,View,DeleteAll,AjaxDeleteImage,AjaxActivate,AjaxDeactivate,AjaxShow,AjaxNotShow,AjaxApprove,RemoveImage,RemoveFile', 'allow'),
	(55, 2, 111, 'View, Create, Update, Delete, Index, AjaxActivate, AjaxDeactivate, AjaxShow, AjaxNotShow, AjaxApprove', 'allow'),
	(56, 2, 112, 'View, Create, Update, Delete, Index, UploadFile, AjaxActivate, AjaxDeactivate, AjaxShow, AjaxNotShow, AjaxApprove', 'allow'),
	(57, 2, 113, 'View, Create, Update, Delete, Index, AjaxActivate, AjaxDeactivate, AjaxShow, AjaxNotShow, AjaxApprove', 'allow'),
	(58, 2, 114, 'View, Edit, Create, Update, Delete, Index, Group, User, AjaxActivate, AjaxDeactivate, AjaxShow, AjaxNotShow, AjaxApprove,GetControllerList, GetAvailableAction', 'allow'),
	(59, 2, 115, 'View, Create, Update, Delete, Index, Admin, AjaxActivate, AjaxDeactivate, AjaxShow, AjaxNotShow, AjaxApprove', 'allow'),
	(60, 2, 116, 'GetActionsName, RolesSession, Test, Index', 'allow'),
	(61, 2, 117, 'View, Create, Update, Delete, Index, Update_my_profile, Change_my_password, AjaxActivate, AjaxDeactivate, AjaxShow, AjaxNotShow, AjaxApprove, DeleteAll', 'allow'),
	(62, 2, 118, 'View, Help, Update, AddCustomPhoto, ChooseModel, Delete, Index, HandleCropZoom, AjaxActivate, AjaxDeactivate, AjaxShow, AjaxNotShow, AjaxApprove', 'allow'),
	(63, 2, 119, 'Create,Delete,Index,Update,View,DeleteAll,ShowLogo,AjaxActivate,AjaxDeactivate,AjaxShow,AjaxNotShow,AjaxApprove,RemoveImage,RemoveFile', 'allow'),
	(64, 2, 120, 'View,Create,Getcheckbox,Update,Delete,Index,GetControllerList,GetActionList,AjaxActivate,AjaxDeactivate,AjaxShow,AjaxNotShow,AjaxApprove', 'allow'),
	(65, 2, 121, 'Create, View, Update, Delete, Index, AjaxActivate, AjaxDeactivate, AjaxShow, AjaxNotShow, AjaxApprove', 'allow'),
	(66, 2, 122, 'View, Create, Imagepaging, Imageurl, Imageupload, Update, Delete, Index, AjaxActivate, AjaxDeactivate, AjaxShow, AjaxNotShow, AjaxApprove, DeleteAll, RemoveImage', 'allow'),
	(67, 2, 123, 'View, Create, Update, Delete, Index, AjaxActivate, AjaxDeactivate, AjaxShow, AjaxNotShow, AjaxApprove', 'allow'),
	(68, 2, 124, 'View, Create, Update, Delete, Index, AddCategory, GetDropdownCategory, AjaxActivate, AjaxDeactivate, AjaxShow, AjaxNotShow, AjaxApprove', 'allow'),
	(69, 2, 125, 'View, Create, Update, Delete, Index, AjaxActivate, AjaxDeactivate, AjaxShow, AjaxNotShow, AjaxApprove', 'allow'),
	(70, 2, 126, 'View, Create, AddRoles, Update, ViewRoles, Delete, Index, Admin, AjaxActivate, AjaxDeactivate, AjaxShow, AjaxNotShow, AjaxApprove', 'allow'),
	(71, 2, 127, 'Update, Index, AjaxActivate, AjaxDeactivate, AjaxShow, AjaxNotShow, AjaxApprove', 'allow'),
	(72, 2, 128, 'ForgotPassword, ResetPassword, ChangePassword, Error, Index, Login, Logout, AjaxActivate, AjaxDeactivate, AjaxShow, AjaxNotShow, AjaxApprove', 'allow'),
	(73, 2, 129, 'View, Create, Update, Delete, Index, AjaxActivate, AjaxDeactivate, AjaxShow, AjaxNotShow, AjaxApprove', 'allow'),
	(74, 2, 130, 'View, Create, Update, Delete, Index, AjaxActivate, AjaxDeactivate, AjaxShow, AjaxNotShow, AjaxApprove', 'allow'),
	(75, 2, 131, 'Index, AjaxActivate, AjaxDeactivate, AjaxShow, AjaxNotShow, AjaxApprove', 'allow'),
	(76, 2, 132, 'View, Create, Update, Delete, Index, AjaxActivate, AjaxDeactivate, AjaxShow, AjaxNotShow, AjaxApprove', 'allow'),
	(77, 2, 133, 'Error, View', 'allow'),
	(78, 2, 134, 'Index, ListProblem, ListSpecialty', 'allow'),
	(79, 2, 135, 'Index, Unsubscribe, Error, Contact, ThankYou, GuestSubscriber, UnderConstruction, Test', 'allow'),
	(81, 1, 106, 'View, Create, Update, Delete, List, Index, AjaxActivate, AjaxDeactivate, AjaxShow, AjaxNotShow, AjaxApprove', 'allow'),
	(82, 1, 107, 'View, Create, Update, Delete, Index, AjaxActivate, AjaxDeactivate, AjaxShow, AjaxNotShow, AjaxApprove', 'allow'),
	(83, 1, 108, 'View, Create, Update, Delete, Index, Admin, AjaxActivate, AjaxDeactivate, AjaxShow, AjaxNotShow, AjaxApprove', 'allow'),
	(84, 1, 109, 'View, Create, Update, Delete, Index, AjaxActivate, AjaxDeactivate, AjaxShow, AjaxNotShow, AjaxApprove', 'allow'),
	(85, 1, 110, 'Create,Delete,Index,Update,View,DeleteAll,AjaxDeleteImage,AjaxActivate,AjaxDeactivate,AjaxShow,AjaxNotShow,AjaxApprove,RemoveImage,RemoveFile', 'allow'),
	(86, 1, 111, 'View, Create, Update, Delete, Index, AjaxActivate, AjaxDeactivate, AjaxShow, AjaxNotShow, AjaxApprove', 'allow'),
	(87, 1, 112, 'View, Create, Update, Delete, Index, UploadFile, AjaxActivate, AjaxDeactivate, AjaxShow, AjaxNotShow, AjaxApprove', 'allow'),
	(88, 1, 113, 'View, Create, Update, Delete, Index, AjaxActivate, AjaxDeactivate, AjaxShow, AjaxNotShow, AjaxApprove', 'allow'),
	(89, 1, 114, 'View, Edit, Create, Update, Delete, Index, Group, User, AjaxActivate, AjaxDeactivate, AjaxShow, AjaxNotShow, AjaxApprove, GetControllerList,GetAvailableAction', 'allow'),
	(90, 1, 115, 'View, Create, Update, Delete, Index, Admin, AjaxActivate, AjaxDeactivate, AjaxShow, AjaxNotShow, AjaxApprove', 'allow'),
	(91, 1, 116, 'GetActionsName, RolesSession, Test, Index', 'allow'),
	(92, 1, 117, 'View, Create, Update, Delete, Index, Update_my_profile, Change_my_password, AjaxActivate, AjaxDeactivate, AjaxShow, AjaxNotShow, AjaxApprove', 'allow'),
	(93, 1, 118, 'View, Help, Update, AddCustomPhoto, ChooseModel, Delete, Index, HandleCropZoom, AjaxActivate, AjaxDeactivate, AjaxShow, AjaxNotShow, AjaxApprove', 'allow'),
	(94, 1, 119, 'Create,Delete,Index,Update,View,DeleteAll,ShowLogo,AjaxActivate,AjaxDeactivate,AjaxShow,AjaxNotShow,AjaxApprove,RemoveImage,RemoveFile', 'allow'),
	(95, 1, 120, 'View,Create,Getcheckbox,Update,Delete,Index,GetControllerList,GetActionList,AjaxActivate,AjaxDeactivate,AjaxShow,AjaxNotShow,AjaxApprove', 'allow'),
	(96, 1, 121, 'Create, View, Update, Delete, Index, AjaxActivate, AjaxDeactivate, AjaxShow, AjaxNotShow, AjaxApprove', 'allow'),
	(97, 1, 122, 'View, Create, Imagepaging, Imageurl, Imageupload, Update, Delete, Index, AjaxActivate, AjaxDeactivate, AjaxShow, AjaxNotShow, AjaxApprove, DeleteAll, RemoveImage', 'allow'),
	(98, 1, 123, 'View, Create, Update, Delete, Index, AjaxActivate, AjaxDeactivate, AjaxShow, AjaxNotShow, AjaxApprove', 'allow'),
	(99, 1, 124, 'View, Create, Update, Delete, Index, AddCategory, GetDropdownCategory, AjaxActivate, AjaxDeactivate, AjaxShow, AjaxNotShow, AjaxApprove', 'allow'),
	(100, 1, 125, 'View, Create, Update, Delete, Index, AjaxActivate, AjaxDeactivate, AjaxShow, AjaxNotShow, AjaxApprove', 'allow'),
	(101, 1, 126, 'View, Create, AddRoles, Update, ViewRoles, Delete, Index, Admin, AjaxActivate, AjaxDeactivate, AjaxShow, AjaxNotShow, AjaxApprove', 'allow'),
	(102, 1, 127, 'Update, Index, AjaxActivate, AjaxDeactivate, AjaxShow, AjaxNotShow, AjaxApprove, SendTestMail', 'allow'),
	(103, 1, 128, 'ForgotPassword, ResetPassword, ChangePassword, Error, Index, Login, Logout, AjaxActivate, AjaxDeactivate, AjaxShow, AjaxNotShow, AjaxApprove', 'allow'),
	(104, 1, 129, 'View, Create, Update, Delete, Index, AjaxActivate, AjaxDeactivate, AjaxShow, AjaxNotShow, AjaxApprove', 'allow'),
	(105, 1, 130, 'View, Create, Update, Delete, Index, AjaxActivate, AjaxDeactivate, AjaxShow, AjaxNotShow, AjaxApprove', 'allow'),
	(106, 1, 131, 'Index, AjaxActivate, AjaxDeactivate, AjaxShow, AjaxNotShow, AjaxApprove', 'allow'),
	(107, 1, 132, 'View, Create, Update, Delete, Index, AjaxActivate, AjaxDeactivate, AjaxShow, AjaxNotShow, AjaxApprove', 'allow'),
	(108, 1, 133, 'Error, View', 'allow'),
	(109, 1, 134, 'Index, ListProblem, ListSpecialty', 'allow'),
	(110, 1, 135, 'Index, Unsubscribe, Error, Contact, ThankYou, GuestSubscriber, UnderConstruction, Test', 'allow'),
	(112, 1, 114, '', 'deny'),
	(113, 2, 114, '', 'deny'),
	(114, 1, 139, 'View, Create, Update, Delete, Index, AjaxActivate, AjaxDeactivate, AjaxShow, AjaxNotShow, AjaxApprove', 'allow'),
	(115, 1, 139, '', 'deny'),
	(118, 2, 139, 'View, Create, Update, Delete, Index, AjaxActivate, AjaxDeactivate, AjaxShow, AjaxNotShow, AjaxApprove', 'allow'),
	(119, 2, 139, '', 'deny'),
	(120, 2, 140, 'View, Create, Update, Delete, Index, AjaxActivate, AjaxDeactivate, AjaxShow, AjaxNotShow, AjaxApprove', 'allow'),
	(121, 2, 140, '', 'deny'),
	(122, 1, 122, '', 'deny'),
	(123, 2, 122, '', 'deny'),
	(124, 1, 120, '', 'deny'),
	(125, 2, 120, '', 'deny'),
	(126, 1, 141, 'View, Create, Update, Delete, Index, AjaxActivate, AjaxDeactivate, AjaxShow, AjaxNotShow, AjaxApprove', 'allow'),
	(127, 1, 141, '', 'deny'),
	(128, 2, 141, 'View, Create, Update, Delete, Index, AjaxActivate, AjaxDeactivate, AjaxShow, AjaxNotShow, AjaxApprove', 'allow'),
	(129, 2, 141, '', 'deny'),
	(130, 1, 142, 'View, Create, Update, Delete, Index, AjaxActivate, AjaxDeactivate, AjaxShow, AjaxNotShow, AjaxApprove', 'allow'),
	(131, 1, 142, '', 'deny'),
	(132, 1, 143, 'View, Create, Update, Delete, Index, AjaxActivate, AjaxDeactivate, AjaxShow, AjaxNotShow, AjaxApprove', 'allow'),
	(133, 1, 143, '', 'deny'),
	(134, 2, 143, 'View, Create, Update, Delete, Index, AjaxActivate, AjaxDeactivate, AjaxShow, AjaxNotShow, AjaxApprove', 'allow'),
	(135, 2, 143, '', 'deny'),
	(136, 1, 144, 'View, Create, Update, Delete, Index, AjaxActivate, AjaxDeactivate, AjaxShow, AjaxNotShow, AjaxApprove', 'allow'),
	(137, 1, 144, '', 'deny'),
	(138, 2, 144, 'View, Create, Update, Delete, Index, AjaxActivate, AjaxDeactivate, AjaxShow, AjaxNotShow, AjaxApprove', 'allow'),
	(139, 2, 144, '', 'deny'),
	(140, 2, 110, '', 'deny'),
	(141, 2, 142, 'View, Create, Update, Delete, Index, AjaxActivate, AjaxDeactivate, AjaxShow, AjaxNotShow, AjaxApprove', 'allow'),
	(142, 2, 142, '', 'deny'),
	(143, 1, 145, 'View, Create, Update, Delete, Index, AjaxActivate, AjaxDeactivate, AjaxShow, AjaxNotShow, AjaxApprove', 'allow'),
	(144, 1, 145, '', 'deny'),
	(145, 2, 145, 'View, Create, Update, Delete, Index, AjaxActivate, AjaxDeactivate, AjaxShow, AjaxNotShow, AjaxApprove', 'allow'),
	(146, 2, 145, '', 'deny'),
	(147, 1, 146, 'Create, Update, Delete, Index, AjaxActivate, AjaxDeactivate, AjaxShow, AjaxNotShow, AjaxApprove', 'allow'),
	(148, 1, 146, '', 'deny'),
	(149, 2, 146, 'Create, Update, Delete, Index, AjaxActivate, AjaxDeactivate, AjaxShow, AjaxNotShow, AjaxApprove', 'allow'),
	(150, 2, 146, '', 'deny'),
	(151, 1, 124, '', 'deny'),
	(152, 2, 124, '', 'deny'),
	(153, 2, 148, 'View, Create, Update, Delete, Index, AjaxActivate, AjaxDeactivate, AjaxShow, AjaxNotShow, AjaxApprove', 'allow'),
	(154, 2, 148, '', 'deny'),
	(155, 1, 148, 'View, Create, Update, Delete, Index, AjaxActivate, AjaxDeactivate, AjaxShow, AjaxNotShow, AjaxApprove', 'allow'),
	(156, 1, 148, '', 'deny'),
	(157, 2, 127, '', 'deny'),
	(158, 1, 127, '', 'deny'),
	(159, 2, 149, 'View, Create, Update, Delete, Index, AjaxActivate, AjaxDeactivate, AjaxShow, AjaxNotShow, AjaxApprove', 'allow'),
	(160, 2, 149, '', 'deny'),
	(161, 2, 150, 'View, Create, Update, Delete, Index, AjaxActivate, AjaxDeactivate, AjaxShow, AjaxNotShow, AjaxApprove', 'allow'),
	(162, 2, 150, '', 'deny'),
	(163, 2, 151, 'View, Create, Update, Delete, Index, AjaxActivate, AjaxDeactivate, AjaxShow, AjaxNotShow, AjaxApprove', 'allow'),
	(164, 2, 151, '', 'deny'),
	(165, 2, 152, 'Index, Rendernewitem, AjaxActivate, AjaxDeactivate, AjaxShow, AjaxNotShow, AjaxApprove', 'allow'),
	(166, 2, 152, '', 'deny'),
	(167, 2, 153, 'View, Create, Update, Delete, Index, Admin, Approve, AjaxActivate, AjaxDeactivate, AjaxShow, AjaxNotShow, AjaxApprove', 'allow'),
	(168, 2, 153, '', 'deny'),
	(169, 1, 153, 'View, Create, Update, Delete, Index, Admin, Approve, AjaxActivate, AjaxDeactivate, AjaxShow, AjaxNotShow, AjaxApprove', 'allow'),
	(170, 1, 153, '', 'deny'),
	(171, 2, 154, 'Create, Delete, Index, Update, View, AjaxActivate, AjaxDeactivate, AjaxShow, AjaxNotShow, AjaxApprove', 'allow'),
	(172, 2, 154, '', 'deny'),
	(173, 2, 155, 'Create,Delete,Index,Update,View,DeleteAll,AjaxDeleteImage,AjaxActivate,AjaxDeactivate,AjaxShow,AjaxNotShow,AjaxApprove,RemoveImage,RemoveFile', 'allow'),
	(174, 2, 155, '', 'deny'),
	(175, 2, 156, 'View, Create, Update, Delete, Index, Update_my_profile, Change_my_password, AjaxActivate, AjaxDeactivate, AjaxShow, AjaxNotShow, AjaxApprove', 'allow'),
	(176, 2, 156, '', 'deny'),
	(177, 1, 157, 'Create,Delete,Index,Update,View,DeleteAll,AjaxActivate,AjaxDeactivate,AjaxShow,AjaxNotShow,AjaxApprove', 'allow'),
	(178, 1, 157, '', 'deny'),
	(179, 2, 157, 'Create,Delete,Index,Update,View,DeleteAll,AjaxActivate,AjaxDeactivate,AjaxShow,AjaxNotShow,AjaxApprove', 'allow'),
	(180, 2, 157, '', 'deny'),
	(181, 1, 119, '', 'deny'),
	(182, 1, 158, 'Create,Delete,Index,Update,View,DeleteAll,Rendernewitem,Rendernewpageitem,GetLinkInputHtml,AjaxActivate,AjaxDeactivate,AjaxShow,AjaxNotShow,AjaxApprove', 'allow'),
	(183, 2, 158, 'Create,Delete,Index,Update,View,DeleteAll,Rendernewitem,Rendernewpageitem,GetLinkInputHtml,AjaxActivate,AjaxDeactivate,AjaxShow,AjaxNotShow,AjaxApprove', 'allow'),
	(184, 1, 159, 'Create,Delete,Index,Update,View,DeleteAll,RemoveImage,AjaxActivate,AjaxDeactivate,AjaxShow,AjaxNotShow,AjaxApprove', 'allow'),
	(185, 2, 159, 'Create,Delete,Index,Update,View,DeleteAll,RemoveImage,AjaxActivate,AjaxDeactivate,AjaxShow,AjaxNotShow,AjaxApprove', 'allow'),
	(186, 1, 160, 'Create,Delete,Index,Update,View,DeleteAll,AjaxActivate,AjaxDeactivate,AjaxShow,AjaxNotShow,AjaxApprove', 'allow'),
	(187, 2, 160, 'Create,Delete,Index,Update,View,DeleteAll,AjaxActivate,AjaxDeactivate,AjaxShow,AjaxNotShow,AjaxApprove', 'allow'),
	(188, 1, 161, 'Create,Delete,Index,Update,View,DeleteAll,RemoveImage,AjaxActivate,AjaxDeactivate,AjaxShow,AjaxNotShow,AjaxApprove', 'allow'),
	(189, 2, 161, 'Create,Delete,Index,Update,View,DeleteAll,RemoveImage,AjaxActivate,AjaxDeactivate,AjaxShow,AjaxNotShow,AjaxApprove', 'allow'),
	(190, 1, 162, 'Create,Delete,Index,Update,View,DeleteAll,AjaxActivate,AjaxDeactivate,AjaxShow,AjaxNotShow,AjaxApprove,RemoveImage,RemoveFile', 'allow'),
	(191, 2, 162, 'Create,Delete,Index,Update,View,DeleteAll,AjaxActivate,AjaxDeactivate,AjaxShow,AjaxNotShow,AjaxApprove,RemoveImage,RemoveFile', 'allow'),
	(192, 1, 163, 'Create,Delete,Index,Update,View,DeleteAll,AjaxActivate,AjaxDeactivate,AjaxShow,AjaxNotShow,AjaxApprove,RemoveImage,RemoveFile', 'allow'),
	(193, 2, 163, 'Create,Delete,Index,Update,View,DeleteAll,AjaxActivate,AjaxDeactivate,AjaxShow,AjaxNotShow,AjaxApprove,RemoveImage,RemoveFile', 'allow'),
	(194, 1, 164, 'Create,Delete,Index,Update,View,DeleteAll,Detail,GetCities,AjaxActivate,AjaxDeactivate,AjaxShow,AjaxNotShow,AjaxApprove,RemoveImage,RemoveFile', 'allow'),
	(195, 2, 164, 'Create,Delete,Index,Update,View,DeleteAll,Detail,GetCities,AjaxActivate,AjaxDeactivate,AjaxShow,AjaxNotShow,AjaxApprove,RemoveImage,RemoveFile', 'allow'),
	(196, 1, 165, 'Create,Delete,Index,Update,View,DeleteAll,AjaxActivate,AjaxDeactivate,AjaxShow,AjaxNotShow,AjaxApprove,RemoveImage,RemoveFile', 'allow'),
	(197, 2, 165, 'Create,Delete,Index,Update,View,DeleteAll,AjaxActivate,AjaxDeactivate,AjaxShow,AjaxNotShow,AjaxApprove,RemoveImage,RemoveFile', 'allow'),
	(198, 1, 166, 'Create,Delete,Index,Update,View,DeleteAll,AjaxActivate,AjaxDeactivate,AjaxShow,AjaxNotShow,AjaxApprove,RemoveImage,RemoveFile', 'allow'),
	(199, 2, 166, 'Create,Delete,Index,Update,View,DeleteAll,AjaxActivate,AjaxDeactivate,AjaxShow,AjaxNotShow,AjaxApprove,RemoveImage,RemoveFile', 'allow'),
	(200, 1, 167, 'Create,Delete,Index,Update,View,DeleteAll,AjaxActivate,AjaxDeactivate,AjaxShow,AjaxNotShow,AjaxApprove,RemoveImage,RemoveFile', 'allow'),
	(201, 2, 167, 'Create,Delete,Index,Update,View,DeleteAll,AjaxActivate,AjaxDeactivate,AjaxShow,AjaxNotShow,AjaxApprove,RemoveImage,RemoveFile', 'allow'),
	(202, 1, 168, 'Delete,Index,View,DeleteAll,AjaxActivate,AjaxDeactivate,AjaxShow,AjaxNotShow,AjaxApprove,RemoveImage,RemoveFile', 'allow'),
	(203, 2, 168, 'Delete,Index,View,DeleteAll,AjaxActivate,AjaxDeactivate,AjaxShow,AjaxNotShow,AjaxApprove,RemoveImage,RemoveFile', 'allow'),
	(204, 1, 169, 'Create,Delete,Index,Update,View,DeleteAll,AjaxActivate,AjaxDeactivate,AjaxShow,AjaxNotShow,AjaxApprove,RemoveImage,RemoveFile', 'allow'),
	(205, 2, 169, 'Create,Delete,Index,Update,View,DeleteAll,AjaxActivate,AjaxDeactivate,AjaxShow,AjaxNotShow,AjaxApprove,RemoveImage,RemoveFile', 'allow'),
	(206, 1, 170, 'Create,Delete,Index,Update,View,DeleteAll,AjaxActivate,AjaxDeactivate,AjaxShow,AjaxNotShow,AjaxApprove,RemoveImage,RemoveFile', 'allow'),
	(207, 2, 170, 'Create,Delete,Index,Update,View,DeleteAll,AjaxActivate,AjaxDeactivate,AjaxShow,AjaxNotShow,AjaxApprove,RemoveImage,RemoveFile', 'allow'),
	(208, 1, 171, 'Create,Delete,Index,Update,View,DeleteAll,AjaxActivate,AjaxDeactivate,AjaxShow,AjaxNotShow,AjaxApprove,RemoveImage,RemoveFile', 'allow'),
	(209, 2, 171, 'Create,Delete,Index,Update,View,DeleteAll,AjaxActivate,AjaxDeactivate,AjaxShow,AjaxNotShow,AjaxApprove,RemoveImage,RemoveFile', 'allow'),
	(210, 1, 172, 'Create,Delete,Index,Update,View,DeleteAll,AjaxActivate,AjaxDeactivate,AjaxShow,AjaxNotShow,AjaxApprove,RemoveImage,RemoveFile', 'allow'),
	(211, 2, 172, 'Create,Delete,Index,Update,View,DeleteAll,AjaxActivate,AjaxDeactivate,AjaxShow,AjaxNotShow,AjaxApprove,RemoveImage,RemoveFile', 'allow'),
	(212, 1, 173, 'Create,Delete,Index,Update,View,DeleteAll,AjaxActivate,AjaxDeactivate,AjaxShow,AjaxNotShow,AjaxApprove,RemoveImage,RemoveFile', 'allow'),
	(213, 2, 173, 'Create,Delete,Index,Update,View,DeleteAll,AjaxActivate,AjaxDeactivate,AjaxShow,AjaxNotShow,AjaxApprove,RemoveImage,RemoveFile', 'allow'),
	(214, 1, 155, 'Create,Delete,Index,Update,View,DeleteAll,AjaxDeleteImage,AjaxActivate,AjaxDeactivate,AjaxShow,AjaxNotShow,AjaxApprove,RemoveImage,RemoveFile', 'allow'),
	(215, 1, 174, 'Create,Delete,Index,Update,View,DeleteAll,AjaxDeleteImage,AjaxActivate,AjaxDeactivate,AjaxShow,AjaxNotShow,AjaxApprove,RemoveImage,RemoveFile', 'allow'),
	(216, 2, 174, 'Create,Delete,Index,Update,View,DeleteAll,AjaxDeleteImage,AjaxActivate,AjaxDeactivate,AjaxShow,AjaxNotShow,AjaxApprove,RemoveImage,RemoveFile', 'allow'),
	(217, 1, 175, 'Create,Delete,Index,Update,View,DeleteAll,AjaxDeleteImage,AjaxActivate,AjaxDeactivate,AjaxShow,AjaxNotShow,AjaxApprove,RemoveImage,RemoveFile', 'allow'),
	(218, 2, 175, 'Create,Delete,Index,Update,View,DeleteAll,AjaxDeleteImage,AjaxActivate,AjaxDeactivate,AjaxShow,AjaxNotShow,AjaxApprove,RemoveImage,RemoveFile', 'allow'),
	(219, 1, 176, 'Create,Delete,Index,Update,View,DeleteAll,RemoveImage,AjaxActivate,AjaxDeactivate,AjaxShow,AjaxNotShow,AjaxApprove,RemoveFile', 'allow'),
	(220, 2, 176, 'Create,Delete,Index,Update,View,DeleteAll,RemoveImage,AjaxActivate,AjaxDeactivate,AjaxShow,AjaxNotShow,AjaxApprove,RemoveFile', 'allow'),
	(221, 1, 177, 'Create,Delete,Index,Update,View,DeleteAll,RemoveImage,AjaxActivate,AjaxDeactivate,AjaxShow,AjaxNotShow,AjaxApprove,RemoveFile', 'allow'),
	(222, 2, 177, 'Create,Delete,Index,Update,View,DeleteAll,RemoveImage,AjaxActivate,AjaxDeactivate,AjaxShow,AjaxNotShow,AjaxApprove,RemoveFile', 'allow'),
	(223, 1, 178, 'Create,Delete,Index,Update,View,DeleteAll,AjaxAddNewImage,AjaxDeleteImage,AjaxActivate,AjaxDeactivate,AjaxShow,AjaxNotShow,AjaxApprove,RemoveImage,RemoveFile', 'allow'),
	(224, 2, 178, 'Create,Delete,Index,Update,View,DeleteAll,AjaxAddNewImage,AjaxDeleteImage,AjaxActivate,AjaxDeactivate,AjaxShow,AjaxNotShow,AjaxApprove,RemoveImage,RemoveFile', 'allow'),
	(225, 1, 179, 'Create,Delete,Index,Update,View,DeleteAll,AjaxActivate,AjaxDeactivate,AjaxShow,AjaxNotShow,AjaxApprove,RemoveImage,RemoveFile', 'allow'),
	(226, 2, 179, 'Create,Delete,Index,Update,View,DeleteAll,AjaxActivate,AjaxDeactivate,AjaxShow,AjaxNotShow,AjaxApprove,RemoveImage,RemoveFile', 'allow'),
	(227, 1, 180, 'Create,Delete,Index,Update,View,DeleteAll,AjaxAddNewImage,AjaxDeleteImage,AjaxDeleteGalleryItemImage,AjaxActivate,AjaxDeactivate,AjaxShow,AjaxNotShow,AjaxApprove,RemoveImage,RemoveFile', 'allow'),
	(228, 2, 180, 'Create,Delete,Index,Update,View,DeleteAll,AjaxAddNewImage,AjaxDeleteImage,AjaxDeleteGalleryItemImage,AjaxActivate,AjaxDeactivate,AjaxShow,AjaxNotShow,AjaxApprove,RemoveImage,RemoveFile', 'allow'),
	(229, 1, 181, 'Create,Delete,Index,Update,View,DeleteAll,RemoveImage,AjaxActivate,AjaxDeactivate,AjaxShow,AjaxNotShow,AjaxApprove,RemoveFile', 'allow'),
	(230, 2, 181, 'Create,Delete,Index,Update,View,DeleteAll,RemoveImage,AjaxActivate,AjaxDeactivate,AjaxShow,AjaxNotShow,AjaxApprove,RemoveFile', 'allow'),
	(231, 1, 182, 'Create,Delete,Index,Update,View,DeleteAll,RemoveFeatureImage,AjaxActivate,AjaxDeactivate,AjaxShow,AjaxNotShow,AjaxApprove,RemoveImage,RemoveFile', 'allow'),
	(232, 2, 182, 'Create,Delete,Index,Update,View,DeleteAll,RemoveFeatureImage,AjaxActivate,AjaxDeactivate,AjaxShow,AjaxNotShow,AjaxApprove,RemoveImage,RemoveFile', 'allow'),
	(233, 1, 183, 'Create,Delete,Index,Update,View,DeleteAll,AjaxActivate,AjaxDeactivate,AjaxShow,AjaxNotShow,AjaxApprove,RemoveImage,RemoveFile', 'allow'),
	(234, 2, 183, 'Create,Delete,Index,Update,View,DeleteAll,AjaxActivate,AjaxDeactivate,AjaxShow,AjaxNotShow,AjaxApprove,RemoveImage,RemoveFile', 'allow'),
	(235, 1, 184, 'Create,Delete,Index,Update,View,DeleteAll,AjaxActivate,AjaxDeactivate,AjaxShow,AjaxNotShow,AjaxApprove,RemoveImage,RemoveFile', 'allow'),
	(236, 2, 184, 'Create,Delete,Index,Update,View,DeleteAll,AjaxActivate,AjaxDeactivate,AjaxShow,AjaxNotShow,AjaxApprove,RemoveImage,RemoveFile', 'allow'),
	(237, 1, 185, 'Create,Delete,Index,Update,View,DeleteAll,AjaxActivate,AjaxDeactivate,AjaxShow,AjaxNotShow,AjaxApprove,RemoveImage,RemoveFile', 'allow'),
	(238, 2, 185, 'Create,Delete,Index,Update,View,DeleteAll,AjaxActivate,AjaxDeactivate,AjaxShow,AjaxNotShow,AjaxApprove,RemoveImage,RemoveFile', 'allow'),
	(239, 1, 186, 'Create,Delete,Index,Update,View,DeleteAll,AjaxActivate,AjaxDeactivate,AjaxShow,AjaxNotShow,AjaxApprove,RemoveImage,RemoveFile', 'allow'),
	(240, 2, 186, 'Create,Delete,Index,Update,View,DeleteAll,AjaxActivate,AjaxDeactivate,AjaxShow,AjaxNotShow,AjaxApprove,RemoveImage,RemoveFile', 'allow'),
	(241, 1, 187, 'Create,Delete,Index,Update,View,DeleteAll,AjaxActivate,AjaxDeactivate,AjaxShow,AjaxNotShow,AjaxApprove,RemoveImage,RemoveFile', 'allow'),
	(242, 2, 187, 'Create,Delete,Index,Update,View,DeleteAll,AjaxActivate,AjaxDeactivate,AjaxShow,AjaxNotShow,AjaxApprove,RemoveImage,RemoveFile', 'allow'),
	(243, 1, 188, 'Create,Delete,Index,Update,View,DeleteAll,Approve,AjaxActivate,AjaxDeactivate,AjaxShow,AjaxNotShow,AjaxApprove,RemoveImage,RemoveFile', 'allow'),
	(244, 2, 188, 'Create,Delete,Index,Update,View,DeleteAll,Approve,AjaxActivate,AjaxDeactivate,AjaxShow,AjaxNotShow,AjaxApprove,RemoveImage,RemoveFile', 'allow');
/*!40000 ALTER TABLE `mind_actions_roles` ENABLE KEYS */;


-- Dumping structure for table ssn.mind_actions_users
CREATE TABLE IF NOT EXISTS `mind_actions_users` (
  `id` int(11) NOT NULL AUTO_INCREMENT,
  `user_id` int(11) DEFAULT NULL,
  `controller_id` int(11) DEFAULT NULL,
  `actions` varchar(1000) DEFAULT NULL,
  `can_access` varchar(10) DEFAULT NULL,
  PRIMARY KEY (`id`)
) ENGINE=InnoDB DEFAULT CHARSET=latin1;

-- Dumping data for table ssn.mind_actions_users: ~0 rows (approximately)
/*!40000 ALTER TABLE `mind_actions_users` DISABLE KEYS */;
/*!40000 ALTER TABLE `mind_actions_users` ENABLE KEYS */;


-- Dumping structure for table ssn.mind_applications
CREATE TABLE IF NOT EXISTS `mind_applications` (
  `id` int(11) NOT NULL AUTO_INCREMENT,
  `application_name` varchar(255) NOT NULL,
  `application_short_name` varchar(255) NOT NULL,
  `is_delete` int(1) NOT NULL,
  PRIMARY KEY (`id`)
) ENGINE=InnoDB AUTO_INCREMENT=3 DEFAULT CHARSET=latin1;

-- Dumping data for table ssn.mind_applications: ~2 rows (approximately)
/*!40000 ALTER TABLE `mind_applications` DISABLE KEYS */;
INSERT INTO `mind_applications` (`id`, `application_name`, `application_short_name`, `is_delete`) VALUES
	(1, 'Back-end', 'BE', 0),
	(2, 'Front-end', 'FE', 0);
/*!40000 ALTER TABLE `mind_applications` ENABLE KEYS */;


-- Dumping structure for table ssn.mind_area_code
CREATE TABLE IF NOT EXISTS `mind_area_code` (
  `id` int(11) NOT NULL AUTO_INCREMENT,
  `area_name` varchar(100) NOT NULL,
  `area_code` varchar(10) DEFAULT NULL,
  PRIMARY KEY (`id`)
) ENGINE=InnoDB AUTO_INCREMENT=276 DEFAULT CHARSET=utf8;

-- Dumping data for table ssn.mind_area_code: ~235 rows (approximately)
/*!40000 ALTER TABLE `mind_area_code` DISABLE KEYS */;
INSERT INTO `mind_area_code` (`id`, `area_name`, `area_code`) VALUES
	(41, 'Afghanistan', '93'),
	(42, 'Albania', '355'),
	(43, 'Algeria', '213'),
	(44, 'American Samoa', '1'),
	(45, 'Andorra', '376'),
	(46, 'Angola', '244'),
	(47, 'Anguilla', '1'),
	(48, 'Antigua and Barbuda', '1'),
	(49, 'Argentina', '54'),
	(50, 'Armenia', '374'),
	(51, 'Aruba', '297'),
	(52, 'Ascension', '247'),
	(53, 'Australia', '61'),
	(54, 'Austria', '43'),
	(55, 'Azerbaijan', '994'),
	(56, 'Bahamas', '1'),
	(57, 'Bahrain', '973'),
	(58, 'Bangladesh', '880'),
	(59, 'Barbados', '1'),
	(60, 'Belarus', '375'),
	(61, 'Belgium', '32'),
	(62, 'Belize', '501'),
	(63, 'Benin', '229'),
	(64, 'Bermuda', '1'),
	(65, 'Bhutan', '975'),
	(66, 'Bolivia', '591'),
	(67, 'Bosnia and Herzegovina', '387'),
	(68, 'Botswana', '267'),
	(69, 'Brazil', '55'),
	(70, 'British Virgin Islands', '1'),
	(71, 'Brunei', '673'),
	(72, 'Bulgaria', '359'),
	(73, 'Burkina Faso', '226'),
	(74, 'Burundi', '257'),
	(75, 'Cambodia', '855'),
	(76, 'Cameroon', '237'),
	(77, 'Canada', '1'),
	(78, 'Cape Verde', '238'),
	(79, 'Cayman Islands', '1'),
	(80, 'Central African Republic', '236'),
	(81, 'Chad', '235'),
	(82, 'Chile', '56'),
	(83, 'China', '86'),
	(84, 'Colombia', '57'),
	(85, 'Comoros', '269'),
	(86, 'Congo', '242'),
	(87, 'Cook Islands', '682'),
	(88, 'Costa Rica', '506'),
	(89, 'Croatia', '385'),
	(90, 'Cuba', '53'),
	(91, 'Curacao', '599'),
	(92, 'Cyprus', '357'),
	(93, 'Czech Republic', '420'),
	(94, 'Democratic Republic of Congo', '243'),
	(95, 'Denmark', '45'),
	(96, 'Diego Garcia', '246'),
	(97, 'Djibouti', '253'),
	(98, 'Dominica', '1'),
	(99, 'Dominican Republic', '1'),
	(100, 'East Timor', '670'),
	(101, 'Ecuador', '593'),
	(102, 'Egypt', '20'),
	(103, 'El Salvador', '503'),
	(104, 'Equatorial Guinea', '240'),
	(105, 'Eritrea', '291'),
	(106, 'Estonia', '372'),
	(107, 'Ethiopia', '251'),
	(108, 'Falkland (Malvinas) Islands', '500'),
	(109, 'Faroe Islands', '298'),
	(110, 'Fiji', '679'),
	(111, 'Finland', '358'),
	(112, 'France', '33'),
	(113, 'French Guiana', '594'),
	(114, 'French Polynesia', '689'),
	(115, 'Gabon', '241'),
	(116, 'Gambia', '220'),
	(117, 'Georgia', '995'),
	(118, 'Germany', '49'),
	(119, 'Ghana', '233'),
	(120, 'Gibraltar', '350'),
	(121, 'Greece', '30'),
	(122, 'Greenland', '299'),
	(123, 'Grenada', '1'),
	(124, 'Guadeloupe', '590'),
	(125, 'Guam', '1'),
	(126, 'Guatemala', '502'),
	(127, 'Guinea', '224'),
	(128, 'Guinea-Bissau', '245'),
	(129, 'Guyana', '592'),
	(130, 'Haiti', '509'),
	(131, 'Honduras', '504'),
	(132, 'Hong Kong', '852'),
	(133, 'Hungary', '36'),
	(134, 'Iceland', '354'),
	(135, 'India', '91'),
	(136, 'Indonesia', '62'),
	(137, 'Inmarsat Satellite', '870'),
	(138, 'Iran', '98'),
	(139, 'Iraq', '964'),
	(140, 'Ireland', '353'),
	(141, 'Iridium Satellite', '8816/8817'),
	(142, 'Israel', '972'),
	(143, 'Italy', '39'),
	(144, 'Ivory Coast', '225'),
	(145, 'Jamaica', '1'),
	(146, 'Japan', '81'),
	(147, 'Jordan', '962'),
	(148, 'Kazakhstan', '7'),
	(149, 'Kenya', '254'),
	(150, 'Kiribati', '686'),
	(151, 'Kuwait', '965'),
	(152, 'Kyrgyzstan', '996'),
	(153, 'Laos', '856'),
	(154, 'Latvia', '371'),
	(155, 'Lebanon', '961'),
	(156, 'Lesotho', '266'),
	(157, 'Liberia', '231'),
	(158, 'Libya', '218'),
	(159, 'Liechtenstein', '423'),
	(160, 'Lithuania', '370'),
	(161, 'Luxembourg', '352'),
	(162, 'Macau', '853'),
	(163, 'Macedonia', '389'),
	(164, 'Madagascar', '261'),
	(165, 'Malawi', '265'),
	(166, 'Malaysia', '60'),
	(167, 'Maldives', '960'),
	(168, 'Mali', '223'),
	(169, 'Malta', '356'),
	(170, 'Marshall Islands', '692'),
	(171, 'Martinique', '596'),
	(172, 'Mauritania', '222'),
	(173, 'Mauritius', '230'),
	(174, 'Mayotte', '262'),
	(175, 'Mexico', '52'),
	(176, 'Micronesia', '691'),
	(177, 'Moldova', '373'),
	(178, 'Monaco', '377'),
	(179, 'Mongolia', '976'),
	(180, 'Montenegro', '382'),
	(181, 'Montserrat', '1'),
	(182, 'Morocco', '212'),
	(183, 'Mozambique', '258'),
	(184, 'Myanmar', '95'),
	(185, 'Namibia', '264'),
	(186, 'Nauru', '674'),
	(187, 'Nepal', '977'),
	(188, 'Netherlands', '31'),
	(189, 'Netherlands Antilles', '599'),
	(190, 'New Caledonia', '687'),
	(191, 'New Zealand', '64'),
	(192, 'Nicaragua', '505'),
	(193, 'Niger', '227'),
	(194, 'Nigeria', '234'),
	(195, 'Niue', '683'),
	(196, 'Norfolk Island', '6723'),
	(197, 'North Korea', '850'),
	(198, 'Northern Marianas', '1'),
	(199, 'Norway', '47'),
	(200, 'Oman', '968'),
	(201, 'Pakistan', '92'),
	(202, 'Palau', '680'),
	(203, 'Panama', '507'),
	(204, 'Papua New Guinea', '675'),
	(205, 'Paraguay', '595'),
	(206, 'Peru', '51'),
	(207, 'Philippines', '63'),
	(208, 'Poland', '48'),
	(209, 'Portugal', '351'),
	(210, 'Puerto Rico', '1'),
	(211, 'Qatar', '974'),
	(212, 'Reunion', '262'),
	(213, 'Romania', '40'),
	(214, 'Russian Federation', '7'),
	(215, 'Rwanda', '250'),
	(216, 'Saint Helena', '290'),
	(217, 'Saint Kitts and Nevis', '1'),
	(218, 'Saint Lucia', '1'),
	(219, 'Saint Pierre and Miquelon', '508'),
	(220, 'Saint Vincent and the Grenadines', '1'),
	(221, 'Samoa', '685'),
	(222, 'San Marino', '378'),
	(223, 'Sao Tome and Principe', '239'),
	(224, 'Saudi Arabia', '966'),
	(225, 'Senegal', '221'),
	(226, 'Serbia', '381'),
	(227, 'Seychelles', '248'),
	(228, 'Sierra Leone', '232'),
	(229, 'Singapore', '65'),
	(230, 'Sint Maarten', '1'),
	(231, 'Slovakia', '421'),
	(232, 'Slovenia', '386'),
	(233, 'Solomon Islands', '677'),
	(234, 'Somalia', '252'),
	(235, 'South Africa', '27'),
	(236, 'South Korea', '82'),
	(237, 'South Sudan', '211'),
	(238, 'Spain', '34'),
	(239, 'Sri Lanka', '94'),
	(240, 'Sudan', '249'),
	(241, 'Suriname', '597'),
	(242, 'Swaziland', '268'),
	(243, 'Sweden', '46'),
	(244, 'Switzerland', '41'),
	(245, 'Syria', '963'),
	(246, 'Taiwan', '886'),
	(247, 'Tajikistan', '992'),
	(248, 'Tanzania', '255'),
	(249, 'Thailand', '66'),
	(250, 'Thuraya Satellite', '882 16'),
	(251, 'Togo', '228'),
	(252, 'Tokelau', '690'),
	(253, 'Tonga', '676'),
	(254, 'Trinidad and Tobago', '1'),
	(255, 'Tunisia', '216'),
	(256, 'Turkey', '90'),
	(257, 'Turkmenistan', '993'),
	(258, 'Turks and Caicos Islands', '1'),
	(259, 'Tuvalu', '688'),
	(260, 'Uganda', '256'),
	(261, 'Ukraine', '380'),
	(262, 'United Arab Emirates', '971'),
	(263, 'United Kingdom', '44'),
	(264, 'United States of America', '1'),
	(265, 'U.S. Virgin Islands', '1'),
	(266, 'Uruguay', '598'),
	(267, 'Uzbekistan', '998'),
	(268, 'Vanuatu', '678'),
	(269, 'Vatican City', '379, 39'),
	(270, 'Venezuela', '58'),
	(271, 'Vietnam', '84'),
	(272, 'Wallis and Futuna', '681'),
	(273, 'Yemen', '967'),
	(274, 'Zambia', '260'),
	(275, 'Zimbabwe', '263');
/*!40000 ALTER TABLE `mind_area_code` ENABLE KEYS */;


-- Dumping structure for table ssn.mind_banners
CREATE TABLE IF NOT EXISTS `mind_banners` (
  `id` int(11) NOT NULL AUTO_INCREMENT,
  `name` varchar(255) CHARACTER SET utf8 COLLATE utf8_unicode_ci NOT NULL,
  `title` varchar(255) CHARACTER SET utf8 COLLATE utf8_unicode_ci NOT NULL,
  `description` tinytext CHARACTER SET utf8 COLLATE utf8_unicode_ci NOT NULL,
  `image` varchar(255) CHARACTER SET utf8 COLLATE utf8_unicode_ci DEFAULT NULL,
  `link` varchar(255) CHARACTER SET utf8 COLLATE utf8_unicode_ci DEFAULT NULL,
  `place_holder` varchar(100) CHARACTER SET utf8 COLLATE utf8_unicode_ci NOT NULL,
  `status` tinyint(4) NOT NULL DEFAULT '1',
  `type` int(11) NOT NULL DEFAULT '1' COMMENT '1: homebanner(slidebanner)           2:partner_banner(controller/action)',
  `order_display` int(11) NOT NULL,
  `created_date` timestamp NOT NULL DEFAULT CURRENT_TIMESTAMP,
  `apply_for_page` varchar(50) DEFAULT NULL,
  PRIMARY KEY (`id`)
) ENGINE=InnoDB AUTO_INCREMENT=36 DEFAULT CHARSET=latin1;

-- Dumping data for table ssn.mind_banners: ~5 rows (approximately)
/*!40000 ALTER TABLE `mind_banners` DISABLE KEYS */;
INSERT INTO `mind_banners` (`id`, `name`, `title`, `description`, `image`, `link`, `place_holder`, `status`, `type`, `order_display`, `created_date`, `apply_for_page`) VALUES
	(30, '', 'VANG AMY', '', '1423062075_30_2.jpg', '', '', 1, 1, 1, '2014-12-18 00:00:31', NULL),
	(31, '', 'VANG AMY', '<p><span style="font-size:28px;"><span style="font-family:times new roman,times,serif;">Rượu Của Đam M&ecirc; V&agrave; Tr&acirc;n Trọng</span></span></p>\r\n', '1437583958_31_ab.jpg', '', '', 1, 1, 1, '2014-12-18 00:01:15', NULL),
	(32, '', 'About DiHub', '', '1418834369_32_bn-about.jpg', '', '', 1, 2, 1, '2014-12-18 00:36:57', 'site/aboutus'),
	(33, '', 'Contact Us', '', '1419278262_33_bn-contact.jpg', NULL, '', 1, 2, 2, '2014-12-18 00:43:06', 'mission-and-vision'),
	(35, '', 'BIM Capabilities', '', '1419277153_35_bn-contact.jpg', NULL, '', 1, 2, 3, '2014-12-19 18:14:11', 'about-us');
/*!40000 ALTER TABLE `mind_banners` ENABLE KEYS */;


-- Dumping structure for table ssn.mind_controllers
CREATE TABLE IF NOT EXISTS `mind_controllers` (
  `id` int(11) NOT NULL AUTO_INCREMENT,
  `controller_name` varchar(63) DEFAULT NULL,
  `module_name` varchar(63) DEFAULT NULL,
  `actions` varchar(1000) DEFAULT NULL,
  PRIMARY KEY (`id`),
  KEY `controller_name` (`controller_name`),
  KEY `controller_name_2` (`controller_name`),
  KEY `module_name` (`module_name`)
) ENGINE=InnoDB AUTO_INCREMENT=189 DEFAULT CHARSET=latin1;

-- Dumping data for table ssn.mind_controllers: ~52 rows (approximately)
/*!40000 ALTER TABLE `mind_controllers` DISABLE KEYS */;
INSERT INTO `mind_controllers` (`id`, `controller_name`, `module_name`, `actions`) VALUES
	(106, 'ActionsRoles', 'admin', 'View, Create, Update, Delete, List, Index, AjaxActivate, AjaxDeactivate, AjaxShow, AjaxNotShow, AjaxApprove'),
	(107, 'ActionsUsers', 'admin', 'View, Create, Update, Delete, Index, AjaxActivate, AjaxDeactivate, AjaxShow, AjaxNotShow, AjaxApprove'),
	(108, 'Applications', 'admin', 'View, Create, Update, Delete, Index, Admin, AjaxActivate, AjaxDeactivate, AjaxShow, AjaxNotShow, AjaxApprove'),
	(110, 'Banners', 'admin', 'View, Create, Update, Delete, Index, AjaxActivate, AjaxDeactivate, AjaxShow, AjaxNotShow, AjaxApprove'),
	(114, 'Controllers', 'admin', 'View, Edit, Create, Update, Delete, Index, Group, User, AjaxActivate, AjaxDeactivate, AjaxShow, AjaxNotShow, AjaxApprove, GetControlerList,GetAvailableAction'),
	(115, 'Emailtemplates', 'admin', 'View, Create, Update, Delete, Index, Admin, AjaxActivate, AjaxDeactivate, AjaxShow, AjaxNotShow, AjaxApprove'),
	(117, 'Manageadmin', 'admin', 'View, Create, Update, Delete, Index, Update_my_profile, Change_my_password, AjaxActivate, AjaxDeactivate, AjaxShow, AjaxNotShow, AjaxApprove, DeleteAll'),
	(118, 'Managebanner', 'admin', 'View, Help, Update, AddCustomPhoto, ChooseModel, Delete, Index, HandleCropZoom, AjaxActivate, AjaxDeactivate, AjaxShow, AjaxNotShow, AjaxApprove'),
	(119, 'Users', 'admin', 'View, Create, Update, Delete, Index, AjaxActivate, AjaxDeactivate, AjaxShow, AjaxNotShow, AjaxApprove'),
	(120, 'Backmenus', 'admin', 'View, Create, Getcheckbox, Update, Delete, Index, AjaxActivate, AjaxDeactivate, AjaxShow, AjaxNotShow, AjaxApprove'),
	(121, 'Newsletter', 'admin', 'Create, View, Update, Delete, Index, AjaxActivate, AjaxDeactivate, AjaxShow, AjaxNotShow, AjaxApprove'),
	(122, 'Pages', 'admin', 'View, Create, Imagepaging, Imageurl, Imageupload, Update, Delete, Index, AjaxActivate, AjaxDeactivate, AjaxShow, AjaxNotShow, AjaxApprove, DeleteAll, RemoveImage'),
	(125, 'Roles', 'admin', 'View, Create, Update, Delete, Index, AjaxActivate, AjaxDeactivate, AjaxShow, AjaxNotShow, AjaxApprove'),
	(127, 'Setting', 'admin', 'Update, Index, AjaxActivate, AjaxDeactivate, AjaxShow, AjaxNotShow, AjaxApprove, SendTestMail'),
	(128, 'Site', 'admin', 'ForgotPassword, ResetPassword, ChangePassword, Error, Index, Login, Logout, AjaxActivate, AjaxDeactivate, AjaxShow, AjaxNotShow, AjaxApprove'),
	(129, 'Subscriber', 'admin', 'View, Create, Update, Delete, Index, AjaxActivate, AjaxDeactivate, AjaxShow, AjaxNotShow, AjaxApprove'),
	(142, 'Subscribergroup', 'admin', 'View, Create, Update, Delete, Index, AjaxActivate, AjaxDeactivate, AjaxShow, AjaxNotShow, AjaxApprove'),
	(150, 'event', 'admin', 'View, Create, Update, Delete, Index, AjaxActivate, AjaxDeactivate, AjaxShow, AjaxNotShow, AjaxApprove'),
	(155, 'Ads', 'admin', 'View, Create, Update, Delete, Index, Up, Down, AjaxActivate, AjaxDeactivate, AjaxShow, AjaxNotShow, AjaxApprove'),
	(156, 'AdminAccount', 'admin', 'View, Create, Update, Delete, Index, Update_my_profile, Change_my_password, AjaxActivate, AjaxDeactivate, AjaxShow, AjaxNotShow, AjaxApprove'),
	(157, 'Seos', 'admin', 'View, Create, Update, Delete, Index, Admin, AjaxActivate, AjaxDeactivate, AjaxShow, AjaxNotShow, AjaxApprove'),
	(158, 'Frontmenus', 'admin', NULL),
	(159, 'Staticblock', 'admin', NULL),
	(160, 'Newscategories', 'admin', NULL),
	(161, 'News', 'admin', NULL),
	(162, 'Testimonials', 'admin', NULL),
	(163, 'PageGroup', 'admin', NULL),
	(164, 'Events', 'admin', NULL),
	(165, 'MfProgram', 'admin', NULL),
	(166, 'MfCity', 'admin', NULL),
	(167, 'MfCountry', 'admin', NULL),
	(168, 'Contactus', 'admin', NULL),
	(169, 'Generalenquiry', 'admin', NULL),
	(170, 'Slideshow', 'admin', NULL),
	(171, 'Trainingrequest', 'admin', NULL),
	(172, 'Bimserviceenquiry', 'admin', NULL),
	(173, 'Career', 'admin', NULL),
	(174, 'Servicecategories', 'admin', NULL),
	(175, 'Service', 'admin', NULL),
	(176, 'BimCapCategory', 'admin', NULL),
	(177, 'BimCapItem', 'admin', NULL),
	(178, 'Servicegallery', 'admin', NULL),
	(179, 'RequestQuotes', 'admin', NULL),
	(180, 'Servicegalleryitem', 'admin', NULL),
	(181, 'Clients', 'admin', NULL),
	(182, 'Product', 'admin', NULL),
	(183, 'Invoice', 'admin', NULL),
	(184, 'AmyMfOrigin', 'admin', NULL),
	(185, 'AmyMfType', 'admin', NULL),
	(186, 'AmyCategory', 'admin', NULL),
	(187, 'Partner', 'member', NULL),
	(188, 'Partner', 'admin', NULL);
/*!40000 ALTER TABLE `mind_controllers` ENABLE KEYS */;


-- Dumping structure for table ssn.mind_email_templates
CREATE TABLE IF NOT EXISTS `mind_email_templates` (
  `id` int(11) NOT NULL AUTO_INCREMENT,
  `email_subject` varchar(255) DEFAULT NULL,
  `email_body` text CHARACTER SET utf8 COLLATE utf8_unicode_ci,
  `parameter_description` tinytext,
  `type` int(11) DEFAULT NULL,
  PRIMARY KEY (`id`)
) ENGINE=InnoDB AUTO_INCREMENT=11 DEFAULT CHARSET=latin1;

-- Dumping data for table ssn.mind_email_templates: ~10 rows (approximately)
/*!40000 ALTER TABLE `mind_email_templates` DISABLE KEYS */;
INSERT INTO `mind_email_templates` (`id`, `email_subject`, `email_body`, `parameter_description`, `type`) VALUES
	(1, 'Registered sucessfully!', '<div class="container" style="width: 600px; margin: 0px auto;">\r\n	<div class="content" style="padding: 10px 0px; border-bottom-width: thick; border-bottom-style: solid; border-color: rgb(0, 0, 0); font-family: Arial, Helvetica, sans-serif; border-top-width: thin; border-top-style: solid;">\r\n		<p>\r\n			<strong><em>Dear &nbsp;{FULL_NAME}, </em></strong></p>\r\n		<p>\r\n			You registered successfully.</p>\r\n		<strong>Your Information</strong>\r\n		<p>\r\n			Full name: {FULL_NAME}</p>\r\n		<p>\r\n			Email: {EMAIL}</p>\r\n		<p>\r\n			Password: {PASSWORD}</p>\r\n		<p>\r\n			Phone: {PHONE}</p>\r\n		<p>\r\n			Country: {COUNTRY}</p>\r\n		<p>\r\n			Please begin by login with this link: {LINK_LOGIN}</p>\r\n		<p>\r\n			<span style="font-family: Arial;">Yours Sincerely,</span></p>\r\n		<p>\r\n			<br />\r\n			<span style="font-size:14px;"><strong>Seapex</strong></span><br />\r\n			<strong><font face="Arial" style="font-size: 10pt;"><a href="http://www.seapex.com" style="text-decoration: none;" target="_blank"><span style="color: rgb(0, 0, 0);">www.seapex.com</span></a></font></strong></p>\r\n		<div style="color: rgb(0, 0, 0); font-size: 16px;">\r\n			<hr />\r\n		</div>\r\n		<p>\r\n			<font face="Arial" style="font-size: 8pt;">COPYRIGHT &copy;2014 Seapex. ALL RIGHTS RESERVED.</font></p>\r\n	</div>\r\n</div>\r\n<p>\r\n	&nbsp;</p>\r\n', 'Send to User\r\n{EMAIL}: email\r\n{PASSWORD}\r\n{FULL_NAME} \r\n{LINK_LOGIN}: link login\r\n{PHONE}\r\n{COUNTRY}\r\n', NULL),
	(2, 'A new member has been added.', '<div class="container" style="width: 600px; margin: 0px auto;">\r\n	<div class="content" style="padding: 10px 0px; border-bottom-width: thick; border-bottom-style: solid; border-color: rgb(0, 0, 0); font-family: Arial, Helvetica, sans-serif; border-top-width: thin; border-top-style: solid;">\r\n		<p>\r\n			<strong><em>Dear &nbsp;Administrator,</em></strong></p>\r\n		<p>\r\n			A new member has been added to the system with below information.</p>\r\n		<strong>Information</strong>\r\n		<p>\r\n			Full name: {FULL_NAME}</p>\r\n		<p>\r\n			Email: {EMAIL}</p>\r\n		<p>\r\n			Password: {PASSWORD}</p>\r\n		<p>\r\n			Phone: {PHONE}</p>\r\n		<p>\r\n			Country: {COUNTRY}</p>\r\n		<p>\r\n			&nbsp;</p>\r\n		<p>\r\n			<span style="font-family: Arial;">Yours Sincerely,</span></p>\r\n		<p>\r\n			<br />\r\n			<span style="font-size:14px;"><strong>Seapex</strong></span><br />\r\n			<strong><font face="Arial" style="font-size: 10pt;"><a href="http://www.seapex.com" style="text-decoration: none;" target="_blank"><span style="color: rgb(0, 0, 0);">www.seapex.com</span></a></font></strong></p>\r\n		<div style="color: rgb(0, 0, 0); font-size: 16px;">\r\n			<hr />\r\n		</div>\r\n		<p>\r\n			<font face="Arial" style="font-size: 8pt;">COPYRIGHT &copy;2014 Seapex. ALL RIGHTS RESERVED.</font></p>\r\n	</div>\r\n</div>\r\n<p>\r\n	&nbsp;</p>\r\n', 'Send a notification to Admin for new member\r\n{EMAIL}: email\r\n{PASSWORD}\r\n{FULL_NAME} \r\n{PHONE}\r\n{COUNTRY}\r\n', NULL),
	(3, 'Reset your password', '<p><strong><em>Dear &nbsp;{FULL_NAME},</em></strong></p>\r\n\r\n<p>We have received a request to reset the password for your account. If you did not request to reset your password, please ignore this email.</p>\r\n\r\n<p>{RESET_LINK}</p>\r\n\r\n<p>Yours Sincerely,</p>\r\n\r\n<p><br />\r\n<span style="font-size:14px"><strong>Best of Health</strong></span><br />\r\n<strong><a href="http://www.seapex.com" style="text-decoration: none;" target="_blank"><span style="color:rgb(0, 0, 0)">www.bestofhealth.com</span></a></strong></p>\r\n\r\n<p>COPYRIGHT &copy;2014 Best of Health. ALL RIGHTS RESERVED.</p>\r\n', 'send email to User for forgetting password\r\n{FULL_NAME}: name of user.\r\n{RESET_LINK}', NULL),
	(4, 'Contact Us : {NAME}   ', '<table border="0" cellpadding="0" cellspacing="0" style="font-size:12px; font-family: \'Arial\';" width="600">\r\n	<tbody>\r\n		<tr>\r\n			<td style="padding: 20px 0px;"><!--\r\n        logo picture and slogan\r\n        -->\r\n			<div id="logo" style="float:left;"><img src="http://verzview.com/verzdihub/demo/upload/ckimage/images/logo.png" style="width: 140px; height: 50px;" /></div>\r\n			</td>\r\n		</tr>\r\n		<tr>\r\n			<td style="padding:10px 0px;border-bottom-width:thick;border-bottom-style:solid;font-family:Arial, Helvetica, sans-serif;border-top-width:thin;border-top-style:solid;border-color:#000;border-left:0px; border-right: 0px; border-top: 2px #000 solid;">\r\n			<p><!--\r\n        email content\r\n        --><strong style="font-family: Arial; font-size: 13.3333330154419px; line-height: 21.3333320617676px;">Dear Administrator,</strong></p>\r\n\r\n			<p>&nbsp;</p>\r\n\r\n			<p style="font-family: Arial, Helvetica, sans-serif; line-height: 20.7999992370605px;"><font face="Arial" style="font-size: 10pt;"><strong>{EMAIL}</strong>&nbsp;has contacted you from DiHub website:<br />\r\n			<br />\r\n			The contact details are:</font></p>\r\n\r\n			<p style="font-family: Arial, Helvetica, sans-serif; line-height: 20.7999992370605px;"><span style="font-family: Arial, Helvetica, sans-serif; font-size: 12px; line-height: 20.7999992370605px;">Subject: {SUBJECT}</span></p>\r\n\r\n			<div style="font-family: Arial, Helvetica, sans-serif; line-height: 20.7999992370605px;">Name: {NAME}&nbsp;</div>\r\n\r\n			<div style="font-family: Arial, Helvetica, sans-serif; line-height: 20.7999992370605px;">&nbsp;</div>\r\n\r\n			<div style="font-family: Arial, Helvetica, sans-serif; line-height: 20.7999992370605px;">Email: {EMAIL}&nbsp;</div>\r\n\r\n			<div style="font-family: Arial, Helvetica, sans-serif; line-height: 20.7999992370605px;">&nbsp;</div>\r\n\r\n			<div style="font-family: Arial, Helvetica, sans-serif; line-height: 20.7999992370605px;">Phone: {PHONE}&nbsp;</div>\r\n\r\n			<div style="font-family: Arial, Helvetica, sans-serif; line-height: 20.7999992370605px;">&nbsp;</div>\r\n\r\n			<div style="font-family: Arial, Helvetica, sans-serif; line-height: 20.7999992370605px;">Message: {MESSAGE}</div>\r\n\r\n			<p style="padding-top:15px;"><font face="sans-serif, Arial, Verdana, Trebuchet MS"><span style="font-size: 12px; line-height: 20.7999992370605px;">Yours Sincerely,</span></font></p>\r\n			</td>\r\n		</tr>\r\n		<tr>\r\n			<td><!--\r\n        get signature\r\n        -->\r\n			<p><font face="Arial"><span style="font-size: 12px; line-height: 20.7999992370605px;"><strong>DiHib</strong><br />\r\n			<a href="http://www.dihub.com.sg">www.dihub.com.sg</a></span></font></p>\r\n\r\n			<div style="color:rgb(0,0,0);font-size:16px;">\r\n			<hr /></div>\r\n\r\n			<p><span style="font-size:10px;"><font face="sans-serif, Arial, Verdana, Trebuchet MS" style="font-size: 10px; line-height: 20.7999992370605px;">COPYRIGHT &copy;2014 DiHub. ALL RIGHTS RESERVED.</font></span></p>\r\n			</td>\r\n		</tr>\r\n	</tbody>\r\n</table>\r\n', 'Email to Admin\r\n{NAME}    {EMAIL}   {PHONE}   {MESSAGE}  {SUBJECT}\r\n', NULL),
	(5, 'Send request to partner', '<div class="container" style="width: 600px; margin: 0px auto;">\r\n<div class="content" style="padding: 10px 0px; border-bottom-width: thick; border-bottom-style: solid; border-color: rgb(0, 0, 0); font-family: Arial, Helvetica, sans-serif; border-top-width: thin; border-top-style: solid;">\r\n<p><font face="Arial" style="font-size: 10pt;"><strong>Dear {NAME},</strong><br />\r\n<br />\r\n<br />\r\n<b>You have been received a request partner from&nbsp;{USER}</b><br />\r\n<br />\r\nThe contact details are:</font></p>\r\n\r\n<div>Name: {NAME}&nbsp;</div>\r\n\r\n<div>&nbsp;</div>\r\n\r\n<div>Subject: {SUBJECT}</div>\r\n\r\n<div>&nbsp;</div>\r\n\r\n<div>Email: {EMAIL}&nbsp;</div>\r\n\r\n<div>&nbsp;</div>\r\n\r\n<div>Phone: {PHONE}&nbsp;</div>\r\n\r\n<div>&nbsp;</div>\r\n\r\n<div>Message: {MESSAGE}</div>\r\n\r\n<div>&nbsp;</div>\r\n\r\n<p><span style="font-family: Arial;">Yours Sincerely,</span></p>\r\n\r\n<p><br />\r\n<strong><font face="Arial" style="font-size: 10pt;">SSN Co.ltd</font></strong><br />\r\n<br />\r\n&nbsp;</p>\r\n\r\n<div style="color: rgb(0, 0, 0); font-size: 16px;">\r\n<hr /></div>\r\n\r\n<p><font face="Arial" style="font-size: 8pt;">COPYRIGHT &copy;2015 SSN . ALL RIGHTS RESERVED.</font></p>\r\n\r\n<div>&nbsp;</div>\r\n</div>\r\n</div>\r\n\r\n<p>&nbsp;</p>\r\n', 'Email To Contact Person\r\n{NAME}    {EMAIL}   {PHONE}   {MESSAGE} {SUBJECT}{USER}', NULL),
	(6, 'A new Password has been sent by Member', '<div class="container" style="width: 600px; margin: 0px auto;">\r\n	<div class="content" style="padding: 10px 0px; border-bottom-width: thick; border-bottom-style: solid; border-color: rgb(0, 0, 0); font-family: Arial, Helvetica, sans-serif; border-top-width: thin; border-top-style: solid;">\r\n		<p>\r\n			<strong><em>Dear &nbsp;{FULL_NAME},</em></strong></p>\r\n		<p>\r\n			You have changed your password into your account.</p>\r\n		<p>\r\n			Your new password is:&nbsp; {PASSWORD}</p>\r\n		<p>\r\n			Please click this link:&nbsp;&nbsp;{LINK_LOGIN}&nbsp;to login.</p>\r\n		<p>\r\n			<span style="font-family: Arial;">Yours Sincerely,</span></p>\r\n		<p>\r\n			<br />\r\n			<span style="font-size: 14px;"><strong>Seapex</strong></span><br />\r\n			<strong><font face="Arial" style="font-size: 10pt;"><a href="http://www.seapex.com" style="text-decoration: none;" target="_blank"><span style="color: rgb(0, 0, 0);">www.seapex.com</span></a></font></strong></p>\r\n		<div style="color: rgb(0, 0, 0); font-size: 16px;">\r\n			<hr />\r\n		</div>\r\n		<p>\r\n			<font face="Arial" style="font-size: 8pt;">COPYRIGHT &copy;2014 Seapex. ALL RIGHTS RESERVED.</font></p>\r\n		<div>\r\n			&nbsp;</div>\r\n	</div>\r\n</div>\r\n<p>\r\n	&nbsp;</p>\r\n', 'Change Password\r\n\r\n{FULL_NAME}: name of user.\r\n{PASSWORD}: new password\r\n{LINK_LOGIN}: link login', NULL),
	(7, 'Request Reset Password Account Admin', '<p>\r\n	&nbsp;</p>\r\n<div class="container" style="width: 600px; margin: 0px auto;">\r\n	<div class="content" style="padding: 10px 0px; border-bottom-width: thick; border-bottom-style: solid; border-color: rgb(0, 0, 0); font-family: Arial, Helvetica, sans-serif; border-top-width: thin; border-top-style: solid;">\r\n		<p>\r\n			Dear {NAME},<br />\r\n			Someone requested that the password be reset for the following account in verzdesign website:<br />\r\n			<br />\r\n			Email: {EMAIL}</p>\r\n		<p>\r\n			Username: {USERNAME}</p>\r\n		<p>\r\n			<br />\r\n			If this was a mistake, just ignore this email and nothing will happen.<br />\r\n			<br />\r\n			To reset your password, visit the following address: {LINK}<br />\r\n			&nbsp;</p>\r\n		<p>\r\n			<span style="font-family: Arial;">Yours Sincerely,</span></p>\r\n		<p>\r\n			<br />\r\n			<strong><font face="Arial" style="font-size: 10pt;">The trends Team</font></strong><br />\r\n			<strong><font face="Arial" style="font-size: 10pt;"><a href="http://www.trends.com" style="text-decoration: none;" target="_blank"><span style="color: rgb(0, 0, 0);">www.trends.com.sg</span></a></font></strong><br />\r\n			&nbsp;</p>\r\n		<div style="color: rgb(0, 0, 0); font-size: 16px;">\r\n			<hr />\r\n		</div>\r\n		<p>\r\n			<font face="Arial" style="font-size: 8pt;">COPYRIGHT &copy;2013 trends PTE LTD . ALL RIGHTS RESERVED.</font></p>\r\n		<div>\r\n			&nbsp;</div>\r\n	</div>\r\n</div>\r\n<p>\r\n	&nbsp;</p>\r\n', '{NAME}: name of user.\r\n{EMAIL}: Email of user\r\n{LINK}: link reset\r\n{USERNAME}', NULL),
	(8, 'Reset Password  Admin Account', '<p>\r\n	&nbsp;</p>\r\n<div class="container" style="width: 600px; margin: 0px auto;">\r\n	<div class="content" style="padding: 10px 0px; border-bottom-width: thick; border-bottom-style: solid; border-color: rgb(0, 0, 0); font-family: Arial, Helvetica, sans-serif; border-top-width: thin; border-top-style: solid;">\r\n		<p>\r\n			Dear {NAME},</p>\r\n		<p>\r\n			You have requested a new password for verzdesign website.</p>\r\n		<p>\r\n			Your new password is:&nbsp; {PASSWORD}</p>\r\n		<p>\r\n			Please click this link:&nbsp;&nbsp;{LINK_LOGIN}&nbsp;to login.</p>\r\n		<p>\r\n			&nbsp;</p>\r\n		<p>\r\n			<span style="font-family: Arial;">Yours Sincerely,</span></p>\r\n		<p>\r\n			<br />\r\n			<strong><font face="Arial" style="font-size: 10pt;">The trends Team</font></strong><br />\r\n			<strong><font face="Arial" style="font-size: 10pt;"><a href="http://www.trends.com" style="text-decoration: none;" target="_blank"><span style="color: rgb(0, 0, 0);">www.trends.com.sg</span></a></font></strong><br />\r\n			&nbsp;</p>\r\n		<div style="color: rgb(0, 0, 0); font-size: 16px;">\r\n			<hr />\r\n		</div>\r\n		<p>\r\n			<font face="Arial" style="font-size: 8pt;">COPYRIGHT &copy;2013 trends PTE LTD . ALL RIGHTS RESERVED.</font></p>\r\n		<div>\r\n			&nbsp;</div>\r\n	</div>\r\n</div>\r\n<p>\r\n	&nbsp;</p>\r\n', '{NAME}: name of user.\r\n{PASSWORD}: new password\r\n{LINK_LOGIN}: link login', NULL),
	(9, 'You have change password successfully', '<p>\r\n	&nbsp;</p>\r\n<br />\r\n<div>\r\n	<div class="container" style="width: 600px; margin: 0px auto;">\r\n		<div class="content" style="padding: 10px 0px; border-bottom-width: thick; border-bottom-style: solid; border-color: rgb(0, 0, 0); font-family: Arial, Helvetica, sans-serif; border-top-width: thin; border-top-style: solid;">\r\n			<p>\r\n				Dear {NAME},</p>\r\n			<p>\r\n				You have been changed password successfully.</p>\r\n			<p>\r\n				Your new password is:&nbsp; {PASSWORD}</p>\r\n			<p>\r\n				Please click this link:&nbsp;&nbsp;{LINK_LOGIN}&nbsp;to login.</p>\r\n			<p>\r\n				&nbsp;</p>\r\n			<p>\r\n				<span style="font-family: Arial;">Yours Sincerely,</span></p>\r\n			<p>\r\n				<br />\r\n				<strong><font face="Arial" style="font-size: 10pt;">The trends Team</font></strong><br />\r\n				<strong><font face="Arial" style="font-size: 10pt;"><a href="http://www.trends.com" style="text-decoration: none;" target="_blank"><span style="color: rgb(0, 0, 0);">www.trends.com.sg</span></a></font></strong><br />\r\n				&nbsp;</p>\r\n			<div style="color: rgb(0, 0, 0); font-size: 16px;">\r\n				<hr />\r\n			</div>\r\n			<p>\r\n				<font face="Arial" style="font-size: 8pt;">COPYRIGHT &copy;2013 trends PTE LTD . ALL RIGHTS RESERVED.</font></p>\r\n			<div>\r\n				&nbsp;</div>\r\n		</div>\r\n	</div>\r\n</div>\r\n<p>\r\n	&nbsp;</p>\r\n', 'change password successfully - Admin\r\n{NAME}: name of user.\r\n{PASSWORD}: new password\r\n{LINK_LOGIN}: link login', NULL),
	(10, 'test', '<p>a</p>\r\n', '', NULL);
/*!40000 ALTER TABLE `mind_email_templates` ENABLE KEYS */;


-- Dumping structure for table ssn.mind_fe_menus
CREATE TABLE IF NOT EXISTS `mind_fe_menus` (
  `id` bigint(11) NOT NULL AUTO_INCREMENT,
  `name` varchar(255) NOT NULL,
  `link` varchar(255) DEFAULT NULL,
  `order` int(2) DEFAULT NULL,
  `required_login` tinyint(1) DEFAULT '0',
  `status` tinyint(1) DEFAULT '1',
  `type` varchar(50) DEFAULT 'page' COMMENT 'page, custom URL',
  `parent_id` bigint(11) DEFAULT '0',
  `place_holder_id` bigint(11) DEFAULT NULL,
  `page_id` bigint(11) DEFAULT NULL,
  PRIMARY KEY (`id`)
) ENGINE=InnoDB AUTO_INCREMENT=10 DEFAULT CHARSET=latin1;

-- Dumping data for table ssn.mind_fe_menus: ~5 rows (approximately)
/*!40000 ALTER TABLE `mind_fe_menus` DISABLE KEYS */;
INSERT INTO `mind_fe_menus` (`id`, `name`, `link`, `order`, `required_login`, `status`, `type`, `parent_id`, `place_holder_id`, `page_id`) VALUES
	(1, 'Event Details', 'http://localhost/seapex/event/social-events', 6, 0, 1, 'url', 0, 1, 9),
	(6, 'Registration', 'http://google.com', 3, 0, 1, 'url', 0, NULL, 9),
	(7, 'Accommodation', 'http://zing.vn', 4, 0, 1, 'url', 0, NULL, 9),
	(8, 'test', 'coming-soon', 1, 0, 1, 'page', 0, NULL, 9),
	(9, 'cms page test', 'page-2', 5, 0, 1, 'page', 0, NULL, 11);
/*!40000 ALTER TABLE `mind_fe_menus` ENABLE KEYS */;


-- Dumping structure for table ssn.mind_ip_logins
CREATE TABLE IF NOT EXISTS `mind_ip_logins` (
  `id` int(11) NOT NULL AUTO_INCREMENT,
  `username` varchar(50) DEFAULT NULL,
  `ip_address` varchar(32) DEFAULT NULL,
  `time_login` int(11) DEFAULT NULL,
  PRIMARY KEY (`id`)
) ENGINE=InnoDB AUTO_INCREMENT=4 DEFAULT CHARSET=latin1;

-- Dumping data for table ssn.mind_ip_logins: ~1 rows (approximately)
/*!40000 ALTER TABLE `mind_ip_logins` DISABLE KEYS */;
INSERT INTO `mind_ip_logins` (`id`, `username`, `ip_address`, `time_login`) VALUES
	(3, 'admin', '127.0.0.1', 1411108457);
/*!40000 ALTER TABLE `mind_ip_logins` ENABLE KEYS */;


-- Dumping structure for table ssn.mind_logger
CREATE TABLE IF NOT EXISTS `mind_logger` (
  `id` int(11) NOT NULL AUTO_INCREMENT,
  `level` varchar(128) NOT NULL,
  `category` varchar(128) NOT NULL,
  `logtime` int(11) NOT NULL,
  `message` text NOT NULL,
  PRIMARY KEY (`id`)
) ENGINE=InnoDB AUTO_INCREMENT=12 DEFAULT CHARSET=utf8;

-- Dumping data for table ssn.mind_logger: ~11 rows (approximately)
/*!40000 ALTER TABLE `mind_logger` DISABLE KEYS */;
INSERT INTO `mind_logger` (`id`, `level`, `category`, `logtime`, `message`) VALUES
	(1, 'error', 'exception.CHttpException.404', 1438013192, 'exception \'CHttpException\' with message \'Unable to resolve the request "term-of-use".\' in C:\\xampp\\htdocs\\yii-framework-1.1.15\\web\\CWebApplication.php:286\nStack trace:\n#0 C:\\xampp\\htdocs\\yii-framework-1.1.15\\web\\CWebApplication.php(141): CWebApplication->runController(\'term-of-use\')\n#1 C:\\xampp\\htdocs\\yii-framework-1.1.15\\base\\CApplication.php(180): CWebApplication->processRequest()\n#2 C:\\xampp\\htdocs\\ssn\\index.php(26): CApplication->run()\n#3 {main}\nREQUEST_URI=/ssn/term-of-use\nHTTP_REFERER=http://localhost/ssn/site/register\n---'),
	(2, 'error', 'exception.CHttpException.404', 1438014030, 'exception \'CHttpException\' with message \'The system is unable to find the requested action "updateProfile".\' in C:\\xampp\\htdocs\\yii-framework-1.1.15\\web\\CController.php:483\nStack trace:\n#0 C:\\xampp\\htdocs\\yii-framework-1.1.15\\web\\CController.php(270): CController->missingAction(\'updateProfile\')\n#1 C:\\xampp\\htdocs\\yii-framework-1.1.15\\web\\CWebApplication.php(282): CController->run(\'updateProfile\')\n#2 C:\\xampp\\htdocs\\yii-framework-1.1.15\\web\\CWebApplication.php(141): CWebApplication->runController(\'site/updateProf...\')\n#3 C:\\xampp\\htdocs\\yii-framework-1.1.15\\base\\CApplication.php(180): CWebApplication->processRequest()\n#4 C:\\xampp\\htdocs\\ssn\\index.php(26): CApplication->run()\n#5 {main}\nREQUEST_URI=/ssn/site/updateProfile\nHTTP_REFERER=http://localhost/ssn/site/register\n---'),
	(3, 'error', 'exception.CHttpException.404', 1438016433, 'exception \'CHttpException\' with message \'Unable to resolve the request "themes//js/holder.js/1400x466".\' in C:\\xampp\\htdocs\\yii-framework-1.1.15\\web\\CWebApplication.php:286\nStack trace:\n#0 C:\\xampp\\htdocs\\yii-framework-1.1.15\\web\\CWebApplication.php(141): CWebApplication->runController(\'themes//js/hold...\')\n#1 C:\\xampp\\htdocs\\yii-framework-1.1.15\\base\\CApplication.php(180): CWebApplication->processRequest()\n#2 C:\\xampp\\htdocs\\ssn\\index.php(26): CApplication->run()\n#3 {main}\nREQUEST_URI=/ssn/themes//js/holder.js/1400x466\nHTTP_REFERER=http://localhost/ssn/member/site/companyProfile\n---'),
	(4, 'error', 'exception.CHttpException.404', 1438016435, 'exception \'CHttpException\' with message \'Unable to resolve the request "themes//js/holder.js/1400x466".\' in C:\\xampp\\htdocs\\yii-framework-1.1.15\\web\\CWebApplication.php:286\nStack trace:\n#0 C:\\xampp\\htdocs\\yii-framework-1.1.15\\web\\CWebApplication.php(141): CWebApplication->runController(\'themes//js/hold...\')\n#1 C:\\xampp\\htdocs\\yii-framework-1.1.15\\base\\CApplication.php(180): CWebApplication->processRequest()\n#2 C:\\xampp\\htdocs\\ssn\\index.php(26): CApplication->run()\n#3 {main}\nREQUEST_URI=/ssn/themes//js/holder.js/1400x466\nHTTP_REFERER=http://localhost/ssn/member/site/companyProfile\n---'),
	(5, 'error', 'exception.CHttpException.404', 1438016503, 'exception \'CHttpException\' with message \'Unable to resolve the request "themes//js/holder.js/300x150".\' in C:\\xampp\\htdocs\\yii-framework-1.1.15\\web\\CWebApplication.php:286\nStack trace:\n#0 C:\\xampp\\htdocs\\yii-framework-1.1.15\\web\\CWebApplication.php(141): CWebApplication->runController(\'themes//js/hold...\')\n#1 C:\\xampp\\htdocs\\yii-framework-1.1.15\\base\\CApplication.php(180): CWebApplication->processRequest()\n#2 C:\\xampp\\htdocs\\ssn\\index.php(26): CApplication->run()\n#3 {main}\nREQUEST_URI=/ssn/themes//js/holder.js/300x150\nHTTP_REFERER=http://localhost/ssn/member/site/companyProfile\n---'),
	(6, 'error', 'exception.CHttpException.404', 1438016521, 'exception \'CHttpException\' with message \'Unable to resolve the request "themes//js/holder.js/300x150".\' in C:\\xampp\\htdocs\\yii-framework-1.1.15\\web\\CWebApplication.php:286\nStack trace:\n#0 C:\\xampp\\htdocs\\yii-framework-1.1.15\\web\\CWebApplication.php(141): CWebApplication->runController(\'themes//js/hold...\')\n#1 C:\\xampp\\htdocs\\yii-framework-1.1.15\\base\\CApplication.php(180): CWebApplication->processRequest()\n#2 C:\\xampp\\htdocs\\ssn\\index.php(26): CApplication->run()\n#3 {main}\nREQUEST_URI=/ssn/themes//js/holder.js/300x150\nHTTP_REFERER=http://localhost/ssn/member/site/companyProfile\n---'),
	(7, 'error', 'exception.CHttpException.404', 1438016533, 'exception \'CHttpException\' with message \'Unable to resolve the request "themes//js/holder.js/60x60".\' in C:\\xampp\\htdocs\\yii-framework-1.1.15\\web\\CWebApplication.php:286\nStack trace:\n#0 C:\\xampp\\htdocs\\yii-framework-1.1.15\\web\\CWebApplication.php(141): CWebApplication->runController(\'themes//js/hold...\')\n#1 C:\\xampp\\htdocs\\yii-framework-1.1.15\\base\\CApplication.php(180): CWebApplication->processRequest()\n#2 C:\\xampp\\htdocs\\ssn\\index.php(26): CApplication->run()\n#3 {main}\nREQUEST_URI=/ssn/themes//js/holder.js/60x60\nHTTP_REFERER=http://localhost/ssn/member/site/companyProfile\n---'),
	(8, 'error', 'exception.CHttpException.404', 1438017765, 'exception \'CHttpException\' with message \'Unable to resolve the request "themes//js/holder.js/60x60".\' in C:\\xampp\\htdocs\\yii-framework-1.1.15\\web\\CWebApplication.php:286\nStack trace:\n#0 C:\\xampp\\htdocs\\yii-framework-1.1.15\\web\\CWebApplication.php(141): CWebApplication->runController(\'themes//js/hold...\')\n#1 C:\\xampp\\htdocs\\yii-framework-1.1.15\\base\\CApplication.php(180): CWebApplication->processRequest()\n#2 C:\\xampp\\htdocs\\ssn\\index.php(26): CApplication->run()\n#3 {main}\nREQUEST_URI=/ssn/themes//js/holder.js/60x60\nHTTP_REFERER=http://localhost/ssn/member/site/updateProfile\n---'),
	(9, 'error', 'exception.CHttpException.404', 1438017770, 'exception \'CHttpException\' with message \'Unable to resolve the request "themes//js/holder.js/60x60".\' in C:\\xampp\\htdocs\\yii-framework-1.1.15\\web\\CWebApplication.php:286\nStack trace:\n#0 C:\\xampp\\htdocs\\yii-framework-1.1.15\\web\\CWebApplication.php(141): CWebApplication->runController(\'themes//js/hold...\')\n#1 C:\\xampp\\htdocs\\yii-framework-1.1.15\\base\\CApplication.php(180): CWebApplication->processRequest()\n#2 C:\\xampp\\htdocs\\ssn\\index.php(26): CApplication->run()\n#3 {main}\nREQUEST_URI=/ssn/themes//js/holder.js/60x60\nHTTP_REFERER=http://localhost/ssn/member/site/companyProfile\n---'),
	(10, 'error', 'exception.CHttpException.404', 1438017770, 'exception \'CHttpException\' with message \'Unable to resolve the request "themes//js/holder.js/1400x466".\' in C:\\xampp\\htdocs\\yii-framework-1.1.15\\web\\CWebApplication.php:286\nStack trace:\n#0 C:\\xampp\\htdocs\\yii-framework-1.1.15\\web\\CWebApplication.php(141): CWebApplication->runController(\'themes//js/hold...\')\n#1 C:\\xampp\\htdocs\\yii-framework-1.1.15\\base\\CApplication.php(180): CWebApplication->processRequest()\n#2 C:\\xampp\\htdocs\\ssn\\index.php(26): CApplication->run()\n#3 {main}\nREQUEST_URI=/ssn/themes//js/holder.js/1400x466\nHTTP_REFERER=http://localhost/ssn/member/site/companyProfile\n---'),
	(11, 'error', 'exception.CHttpException.403', 1438020295, 'exception \'CHttpException\' with message \'You are not authorized to perform this action.\' in C:\\xampp\\htdocs\\yii-framework-1.1.15\\web\\auth\\CAccessControlFilter.php:182\nStack trace:\n#0 C:\\xampp\\htdocs\\yii-framework-1.1.15\\web\\auth\\CAccessControlFilter.php(145): CAccessControlFilter->accessDenied(Object(WebUser), \'You are not aut...\')\n#1 C:\\xampp\\htdocs\\yii-framework-1.1.15\\web\\filters\\CFilter.php(38): CAccessControlFilter->preFilter(Object(CFilterChain))\n#2 C:\\xampp\\htdocs\\yii-framework-1.1.15\\web\\CController.php(1145): CFilter->filter(Object(CFilterChain))\n#3 C:\\xampp\\htdocs\\yii-framework-1.1.15\\web\\filters\\CInlineFilter.php(58): CController->filterAccessControl(Object(CFilterChain))\n#4 C:\\xampp\\htdocs\\yii-framework-1.1.15\\web\\filters\\CFilterChain.php(130): CInlineFilter->filter(Object(CFilterChain))\n#5 C:\\xampp\\htdocs\\yii-framework-1.1.15\\web\\CController.php(291): CFilterChain->run()\n#6 C:\\xampp\\htdocs\\yii-framework-1.1.15\\web\\CController.php(265): CController->runActionWithFilters(Object(CInlineAction), Array)\n#7 C:\\xampp\\htdocs\\yii-framework-1.1.15\\web\\CWebApplication.php(282): CController->run(\'\')\n#8 C:\\xampp\\htdocs\\yii-framework-1.1.15\\web\\CWebApplication.php(141): CWebApplication->runController(\'admin/partner\')\n#9 C:\\xampp\\htdocs\\yii-framework-1.1.15\\base\\CApplication.php(180): CWebApplication->processRequest()\n#10 C:\\xampp\\htdocs\\ssn\\index.php(26): CApplication->run()\n#11 {main}\nREQUEST_URI=/ssn/admin/partner\n---');
/*!40000 ALTER TABLE `mind_logger` ENABLE KEYS */;


-- Dumping structure for table ssn.mind_masterfile
CREATE TABLE IF NOT EXISTS `mind_masterfile` (
  `id` int(11) NOT NULL AUTO_INCREMENT,
  `content` text COLLATE utf8_unicode_ci NOT NULL,
  `status` int(11) NOT NULL,
  `type` int(11) NOT NULL COMMENT '1:you are an(contactus) : 2:department(contactus)',
  `created_date` datetime NOT NULL,
  PRIMARY KEY (`id`)
) ENGINE=InnoDB AUTO_INCREMENT=28 DEFAULT CHARSET=utf8 COLLATE=utf8_unicode_ci;

-- Dumping data for table ssn.mind_masterfile: ~13 rows (approximately)
/*!40000 ALTER TABLE `mind_masterfile` DISABLE KEYS */;
INSERT INTO `mind_masterfile` (`id`, `content`, `status`, `type`, `created_date`) VALUES
	(12, 'general enquiry 1', 1, 1, '2014-12-17 06:46:10'),
	(13, 'Training request 1', 1, 2, '2014-12-17 07:11:45'),
	(17, 'career 1', 1, 4, '2014-12-17 07:23:56'),
	(18, 'career 2', 1, 4, '2014-12-17 07:24:03'),
	(19, 'career 3', 1, 4, '2014-12-17 07:24:09'),
	(20, 'general enquiry 2', 1, 1, '2014-12-17 07:24:35'),
	(21, 'general enquiry 3', 1, 1, '2014-12-17 07:24:40'),
	(22, 'general enquiry 4', 1, 1, '2014-12-17 07:24:46'),
	(23, 'Training request 2', 1, 2, '2014-12-17 07:25:04'),
	(24, 'Training request 3', 1, 2, '2014-12-17 07:25:09'),
	(25, 'Training request 4', 1, 2, '2014-12-17 07:25:14'),
	(26, 'BIM SERVICE ENQUIRY 1', 1, 3, '2014-12-18 02:15:29'),
	(27, 'BIM SERVICE ENQUIRY 2', 1, 3, '2014-12-18 02:16:04');
/*!40000 ALTER TABLE `mind_masterfile` ENABLE KEYS */;


-- Dumping structure for table ssn.mind_menu
CREATE TABLE IF NOT EXISTS `mind_menu` (
  `id` int(11) unsigned NOT NULL AUTO_INCREMENT,
  `title` varchar(255) DEFAULT NULL,
  `maxdepth` smallint(6) DEFAULT NULL,
  `created` timestamp NULL DEFAULT CURRENT_TIMESTAMP,
  `modified` datetime DEFAULT NULL,
  PRIMARY KEY (`id`)
) ENGINE=InnoDB AUTO_INCREMENT=7 DEFAULT CHARSET=latin1;

-- Dumping data for table ssn.mind_menu: ~2 rows (approximately)
/*!40000 ALTER TABLE `mind_menu` DISABLE KEYS */;
INSERT INTO `mind_menu` (`id`, `title`, `maxdepth`, `created`, `modified`) VALUES
	(4, 'Main', 0, '2014-04-25 10:10:54', NULL),
	(6, 'Footer', 0, '2014-04-25 15:40:50', NULL);
/*!40000 ALTER TABLE `mind_menu` ENABLE KEYS */;


-- Dumping structure for table ssn.mind_menuitem
CREATE TABLE IF NOT EXISTS `mind_menuitem` (
  `id` bigint(11) unsigned NOT NULL AUTO_INCREMENT,
  `name` varchar(255) CHARACTER SET utf8 COLLATE utf8_unicode_ci DEFAULT NULL,
  `link` varchar(255) DEFAULT NULL,
  `order` int(2) DEFAULT NULL,
  `status` tinyint(1) DEFAULT '1',
  `target` varchar(20) DEFAULT '_self',
  `created` timestamp NULL DEFAULT CURRENT_TIMESTAMP,
  `modified` datetime DEFAULT NULL,
  `menu_id` bigint(11) DEFAULT NULL,
  `parent_id` bigint(11) DEFAULT '0',
  `type` tinyint(4) DEFAULT NULL,
  `css_class` varchar(50) DEFAULT NULL,
  PRIMARY KEY (`id`)
) ENGINE=InnoDB AUTO_INCREMENT=36 DEFAULT CHARSET=latin1;

-- Dumping data for table ssn.mind_menuitem: ~6 rows (approximately)
/*!40000 ALTER TABLE `mind_menuitem` DISABLE KEYS */;
INSERT INTO `mind_menuitem` (`id`, `name`, `link`, `order`, `status`, `target`, `created`, `modified`, `menu_id`, `parent_id`, `type`, `css_class`) VALUES
	(1, 'Partner', 'member/partner/index', 20, 1, '_self', '2014-12-16 14:36:13', NULL, 4, 0, 0, ''),
	(24, 'Trang chủ', '/', 20, 1, '_self', '2014-12-19 14:51:29', NULL, 6, 0, 2, NULL),
	(32, 'Khuyến mãi', '#', 30, 1, '_self', '2014-12-19 14:52:08', NULL, 6, 0, 0, NULL),
	(33, 'Liên hệ', 'site/contactUs', 40, 1, '_self', '2014-12-19 14:52:15', NULL, 6, 0, 2, NULL),
	(34, 'User Profile', 'member/site/updateProfile', 30, 1, '_self', '2015-07-21 08:25:58', NULL, 4, 0, 0, NULL),
	(35, 'Company Profile', 'member/site/companyProfile', 40, 1, '_self', '2015-07-21 08:29:10', NULL, 4, 0, 0, NULL);
/*!40000 ALTER TABLE `mind_menuitem` ENABLE KEYS */;


-- Dumping structure for table ssn.mind_menus
CREATE TABLE IF NOT EXISTS `mind_menus` (
  `id` int(11) NOT NULL AUTO_INCREMENT,
  `menu_name` varchar(255) COLLATE utf8_unicode_ci NOT NULL,
  `menu_link` varchar(255) COLLATE utf8_unicode_ci NOT NULL,
  `display_order` int(11) NOT NULL,
  `show_in_menu` tinyint(4) NOT NULL,
  `application_id` int(11) NOT NULL,
  `parent_id` bigint(20) DEFAULT NULL,
  PRIMARY KEY (`id`)
) ENGINE=InnoDB AUTO_INCREMENT=106 DEFAULT CHARSET=utf8 COLLATE=utf8_unicode_ci;

-- Dumping data for table ssn.mind_menus: ~33 rows (approximately)
/*!40000 ALTER TABLE `mind_menus` DISABLE KEYS */;
INSERT INTO `mind_menus` (`id`, `menu_name`, `menu_link`, `display_order`, `show_in_menu`, `application_id`, `parent_id`) VALUES
	(51, 'System Configuration', 'admin/setting/index', 2, 1, 1, 55),
	(53, 'Quản lý khác', '#', 6, 1, 1, 0),
	(55, 'System', '#', 8, 1, 1, 0),
	(56, 'Admin Accounts', 'admin/manageadmin', 1, 1, 1, 55),
	(60, 'Email Templates', 'admin/emailtemplates', 3, 1, 1, 53),
	(64, 'Home Banners', 'admin/banners', 1, 1, 1, 63),
	(66, 'Newsletter management', '#', 2, 0, 1, 0),
	(67, 'Newsletter Templates', 'admin/newsletter', 1, 1, 1, 66),
	(68, 'Subscribers', 'admin/subscriber', 2, 1, 1, 66),
	(69, 'Subcriber Groups', 'admin/subscribergroup', 3, 1, 1, 66),
	(70, 'SEO', 'admin/seos', 3, 1, 1, 55),
	(71, 'Pages', 'admin/pages', 1, 1, 1, 53),
	(72, 'Front Menus', 'admin/frontmenus', 1, 1, 1, 53),
	(73, 'Static Block', 'admin/staticblock', 1, 1, 1, 53),
	(79, 'Thông tin khác', '#', 7, 0, 1, 0),
	(83, 'General Enquiry', 'admin/generalenquiry', 1, 0, 1, 79),
	(85, 'Training Request', 'admin/trainingrequest', 2, 0, 1, 79),
	(86, 'BIM Service Enquiry', 'admin/bimserviceenquiry', 3, 0, 1, 79),
	(87, 'Career', 'admin/career', 4, 0, 1, 79),
	(88, 'Page Banners', 'admin/ads', 2, 1, 1, 63),
	(90, 'BIM Service Management', '', 4, 0, 1, 0),
	(91, 'BIM Capability Management', '', 2, 0, 1, 0),
	(92, 'BIM Service', 'admin/bimservice', 3, 1, 1, 90),
	(93, 'BIM Service Categories', 'admin/bimservicecategories', 1, 1, 1, 90),
	(94, 'Category', 'admin/bimCapCategory', 1, 1, 1, 91),
	(95, 'Item', 'admin/bimCapItem', 2, 1, 1, 91),
	(97, 'Request For Quote', 'admin/requestQuotes', 1, 1, 1, 96),
	(98, 'Users', 'admin/users', 1, 1, 1, 0),
	(100, 'Vùng sản xuất', 'admin/AmyMfOrigin', 1, 0, 1, 79),
	(101, 'Giống nho', 'admin/AmyMfType', 1, 0, 1, 79),
	(103, 'Nhóm bài viết', 'admin/bimCapCategory/index', 1, 1, 1, 102),
	(104, 'Bài viết', 'admin/bimCapItem', 1, 1, 1, 102),
	(105, 'Partner', 'admin/partner/index', 1, 1, 1, 0);
/*!40000 ALTER TABLE `mind_menus` ENABLE KEYS */;


-- Dumping structure for table ssn.mind_modules
CREATE TABLE IF NOT EXISTS `mind_modules` (
  `id` int(11) NOT NULL AUTO_INCREMENT,
  `module_name` varchar(63) DEFAULT NULL,
  PRIMARY KEY (`id`)
) ENGINE=InnoDB DEFAULT CHARSET=latin1;

-- Dumping data for table ssn.mind_modules: ~0 rows (approximately)
/*!40000 ALTER TABLE `mind_modules` DISABLE KEYS */;
/*!40000 ALTER TABLE `mind_modules` ENABLE KEYS */;


-- Dumping structure for table ssn.mind_newsletter
CREATE TABLE IF NOT EXISTS `mind_newsletter` (
  `id` int(11) NOT NULL AUTO_INCREMENT,
  `subject` varchar(255) NOT NULL,
  `content` text,
  `created_time` datetime NOT NULL,
  `send_time` datetime DEFAULT NULL,
  `remain_subscribers` text,
  `total_subscriber` int(11) NOT NULL DEFAULT '0',
  `total_sent` int(11) DEFAULT '0',
  PRIMARY KEY (`id`)
) ENGINE=InnoDB AUTO_INCREMENT=2 DEFAULT CHARSET=utf8;

-- Dumping data for table ssn.mind_newsletter: ~1 rows (approximately)
/*!40000 ALTER TABLE `mind_newsletter` DISABLE KEYS */;
INSERT INTO `mind_newsletter` (`id`, `subject`, `content`, `created_time`, `send_time`, `remain_subscribers`, `total_subscriber`, `total_sent`) VALUES
	(1, 'hot news', '<p>\r\n	czxv</p>\r\n', '2014-06-17 16:43:53', '2014-06-18 05:11:00', '1,', 1, 0);
/*!40000 ALTER TABLE `mind_newsletter` ENABLE KEYS */;


-- Dumping structure for table ssn.mind_newsletter_group_subscriber
CREATE TABLE IF NOT EXISTS `mind_newsletter_group_subscriber` (
  `id` int(11) unsigned NOT NULL AUTO_INCREMENT,
  `newsletter_id` int(11) NOT NULL,
  `subscriber_group_id` int(11) DEFAULT NULL,
  PRIMARY KEY (`id`)
) ENGINE=InnoDB DEFAULT CHARSET=utf8;

-- Dumping data for table ssn.mind_newsletter_group_subscriber: ~0 rows (approximately)
/*!40000 ALTER TABLE `mind_newsletter_group_subscriber` DISABLE KEYS */;
/*!40000 ALTER TABLE `mind_newsletter_group_subscriber` ENABLE KEYS */;


-- Dumping structure for table ssn.mind_newsletter_tracking
CREATE TABLE IF NOT EXISTS `mind_newsletter_tracking` (
  `id` int(11) NOT NULL AUTO_INCREMENT,
  `newsletter_id` int(11) NOT NULL,
  `subscriber_email_id` int(11) DEFAULT NULL,
  PRIMARY KEY (`id`)
) ENGINE=InnoDB DEFAULT CHARSET=utf8;

-- Dumping data for table ssn.mind_newsletter_tracking: ~0 rows (approximately)
/*!40000 ALTER TABLE `mind_newsletter_tracking` DISABLE KEYS */;
/*!40000 ALTER TABLE `mind_newsletter_tracking` ENABLE KEYS */;


-- Dumping structure for table ssn.mind_pages
CREATE TABLE IF NOT EXISTS `mind_pages` (
  `id` int(11) NOT NULL AUTO_INCREMENT,
  `title` varchar(400) CHARACTER SET utf8 COLLATE utf8_unicode_ci DEFAULT NULL,
  `short_content` text CHARACTER SET utf8 COLLATE utf8_unicode_ci,
  `content` mediumtext CHARACTER SET utf8 COLLATE utf8_unicode_ci,
  `status` tinyint(4) DEFAULT NULL,
  `posted_by` bigint(11) DEFAULT NULL,
  `post_type` varchar(20) DEFAULT 'page',
  `title_tag` text CHARACTER SET utf8 COLLATE utf8_unicode_ci,
  `meta_keywords` text CHARACTER SET utf8 COLLATE utf8_unicode_ci,
  `meta_desc` text CHARACTER SET utf8 COLLATE utf8_unicode_ci,
  `featured_image` varchar(300) DEFAULT NULL,
  `display_order` int(11) DEFAULT NULL,
  `created_date` datetime DEFAULT NULL,
  `modified_date` datetime DEFAULT NULL,
  `slug` varchar(400) DEFAULT NULL,
  `parent_id` bigint(20) DEFAULT NULL,
  `layout` varchar(20) DEFAULT NULL,
  `banner_title` varchar(30) DEFAULT NULL,
  PRIMARY KEY (`id`),
  KEY `User_idx` (`posted_by`),
  KEY `slug` (`slug`),
  KEY `status` (`status`),
  KEY `title` (`title`(255))
) ENGINE=InnoDB AUTO_INCREMENT=81 DEFAULT CHARSET=latin1;

-- Dumping data for table ssn.mind_pages: ~3 rows (approximately)
/*!40000 ALTER TABLE `mind_pages` DISABLE KEYS */;
INSERT INTO `mind_pages` (`id`, `title`, `short_content`, `content`, `status`, `posted_by`, `post_type`, `title_tag`, `meta_keywords`, `meta_desc`, `featured_image`, `display_order`, `created_date`, `modified_date`, `slug`, `parent_id`, `layout`, `banner_title`) VALUES
	(78, 'Contact Us - Thank You', '', '<p>Thank you for contacting us. We will respond to you as soon as possible.</p>\r\n', 1, 2, 'page', '', '', '', NULL, 6, '2014-12-30 10:45:38', NULL, 'contact-us-thank-you', 0, 'single', NULL),
	(79, 'giới thiệu', NULL, '<p style="text-align: justify; font-size: 11px; line-height: 14px; margin: 0px 0px 14px; padding: 0px; color: rgb(0, 0, 0); font-family: Arial, Helvetica, sans; font-style: normal; font-variant: normal; font-weight: normal; letter-spacing: normal; orphans: auto; text-indent: 0px; text-transform: none; white-space: normal; widows: auto; word-spacing: 0px; -webkit-text-stroke-width: 0px;">Lorem ipsum dolor sit amet, consectetur adipiscing elit. Sed iaculis turpis ut massa lobortis auctor. Fusce sed leo a lacus accumsan sodales. Vestibulum hendrerit porttitor enim, sit amet tristique leo bibendum ac. Cras placerat erat non faucibus tincidunt. Duis in cursus diam, ut suscipit augue. Nam elementum aliquam nulla. Sed placerat ipsum ullamcorper arcu lacinia tempor.</p>\r\n\r\n<p style="text-align: justify; font-size: 11px; line-height: 14px; margin: 0px 0px 14px; padding: 0px; color: rgb(0, 0, 0); font-family: Arial, Helvetica, sans; font-style: normal; font-variant: normal; font-weight: normal; letter-spacing: normal; orphans: auto; text-indent: 0px; text-transform: none; white-space: normal; widows: auto; word-spacing: 0px; -webkit-text-stroke-width: 0px;">Nam vel odio semper, egestas purus ut, dictum ligula. Duis ullamcorper diam in semper ultrices. Cras ornare dapibus ex at vehicula. Vestibulum non massa tellus. Praesent rutrum leo blandit metus pretium, in tristique sapien dictum. Pellentesque a mauris non est euismod suscipit. Interdum et malesuada fames ac ante ipsum primis in faucibus. Aliquam erat volutpat. Morbi purus urna, congue nec volutpat eu, interdum non velit. Donec tristique, lectus porta mattis pulvinar, eros lorem scelerisque lectus, vitae luctus erat dui in enim.</p>\r\n\r\n<p style="text-align: justify; font-size: 11px; line-height: 14px; margin: 0px 0px 14px; padding: 0px; color: rgb(0, 0, 0); font-family: Arial, Helvetica, sans; font-style: normal; font-variant: normal; font-weight: normal; letter-spacing: normal; orphans: auto; text-indent: 0px; text-transform: none; white-space: normal; widows: auto; word-spacing: 0px; -webkit-text-stroke-width: 0px;">Curabitur varius magna tortor, sit amet hendrerit nisi consectetur at. Pellentesque sed ligula consequat, elementum felis id, tempus felis. Sed vitae vehicula nisl. Pellentesque elit nisl, lobortis sit amet luctus in, bibendum nec neque. Nam efficitur, sem non rutrum facilisis, dui lorem iaculis nulla, a efficitur tortor dui sit amet eros. Suspendisse posuere mollis metus sagittis placerat. Ut et neque diam. Pellentesque a leo sit amet lectus ultricies commodo nec auctor felis. Class aptent taciti sociosqu ad litora torquent per conubia nostra, per inceptos himenaeos. Suspendisse ultrices nibh in ornare porttitor. In eu placerat elit, eget placerat elit. Aenean sit amet orci a tellus tempor congue. Donec lobortis nibh a viverra hendrerit. Ut consequat purus quam, vitae cursus enim sodales sed.</p>\r\n', 1, 2, 'page', NULL, NULL, NULL, NULL, 7, '2015-01-14 11:45:10', '2015-02-03 17:46:30', 'gioi-thieu', 0, 'single', NULL),
	(80, 'Đặt hàng thành công', NULL, '<p>Qu&yacute; kh&aacute;ch đ&atilde; đặt h&agrave;ng th&agrave;nh c&ocirc;ng. Xin c&aacute;m ơn qu&yacute; kh&aacute;ch đ&atilde; quan t&acirc;m tới sản phẩm của ch&uacute;ng t&ocirc;i.</p>\r\n', 1, 2, 'page', NULL, NULL, NULL, NULL, 3, '2015-02-03 15:03:20', NULL, 'dat-hang-thanh-cong', 0, '', NULL);
/*!40000 ALTER TABLE `mind_pages` ENABLE KEYS */;


-- Dumping structure for table ssn.mind_place_holders
CREATE TABLE IF NOT EXISTS `mind_place_holders` (
  `id` int(11) NOT NULL AUTO_INCREMENT,
  `position` varchar(255) NOT NULL,
  PRIMARY KEY (`id`)
) ENGINE=InnoDB AUTO_INCREMENT=5 DEFAULT CHARSET=latin1;

-- Dumping data for table ssn.mind_place_holders: ~4 rows (approximately)
/*!40000 ALTER TABLE `mind_place_holders` DISABLE KEYS */;
INSERT INTO `mind_place_holders` (`id`, `position`) VALUES
	(1, 'Top'),
	(2, 'Left'),
	(3, 'Bottom'),
	(4, 'Right');
/*!40000 ALTER TABLE `mind_place_holders` ENABLE KEYS */;


-- Dumping structure for table ssn.mind_roles
CREATE TABLE IF NOT EXISTS `mind_roles` (
  `id` int(11) NOT NULL AUTO_INCREMENT,
  `role_name` varchar(255) NOT NULL,
  `role_short_name` varchar(255) NOT NULL,
  `application_id` int(11) NOT NULL,
  `status` tinyint(1) NOT NULL DEFAULT '1',
  PRIMARY KEY (`id`)
) ENGINE=InnoDB AUTO_INCREMENT=3 DEFAULT CHARSET=latin1;

-- Dumping data for table ssn.mind_roles: ~2 rows (approximately)
/*!40000 ALTER TABLE `mind_roles` DISABLE KEYS */;
INSERT INTO `mind_roles` (`id`, `role_name`, `role_short_name`, `application_id`, `status`) VALUES
	(1, 'manager', 'Manager', 1, 1),
	(2, 'adminstrator', 'Adminstrator', 1, 1);
/*!40000 ALTER TABLE `mind_roles` ENABLE KEYS */;


-- Dumping structure for table ssn.mind_roles_menus
CREATE TABLE IF NOT EXISTS `mind_roles_menus` (
  `id` int(11) NOT NULL AUTO_INCREMENT,
  `role_id` bigint(20) NOT NULL,
  `menu_id` bigint(20) NOT NULL,
  PRIMARY KEY (`id`)
) ENGINE=InnoDB AUTO_INCREMENT=264 DEFAULT CHARSET=latin1;

-- Dumping data for table ssn.mind_roles_menus: ~65 rows (approximately)
/*!40000 ALTER TABLE `mind_roles_menus` DISABLE KEYS */;
INSERT INTO `mind_roles_menus` (`id`, `role_id`, `menu_id`) VALUES
	(81, 2, 51),
	(85, 2, 55),
	(86, 2, 56),
	(91, 1, 60),
	(92, 2, 60),
	(95, 1, 56),
	(106, 1, 67),
	(107, 2, 67),
	(108, 1, 68),
	(109, 2, 68),
	(110, 1, 69),
	(111, 2, 69),
	(112, 1, 55),
	(113, 1, 51),
	(114, 1, 70),
	(115, 2, 70),
	(120, 1, 71),
	(121, 2, 71),
	(124, 1, 72),
	(125, 2, 72),
	(145, 1, 66),
	(146, 2, 66),
	(173, 1, 88),
	(174, 2, 88),
	(175, 1, 64),
	(176, 2, 64),
	(183, 1, 92),
	(184, 2, 92),
	(187, 1, 93),
	(188, 2, 93),
	(189, 1, 94),
	(190, 2, 94),
	(193, 1, 95),
	(194, 2, 95),
	(199, 1, 97),
	(200, 2, 97),
	(201, 1, 73),
	(202, 2, 73),
	(209, 1, 91),
	(210, 2, 91),
	(211, 1, 90),
	(212, 2, 90),
	(219, 1, 83),
	(220, 2, 83),
	(221, 1, 85),
	(222, 2, 85),
	(223, 1, 86),
	(224, 2, 86),
	(225, 1, 87),
	(226, 2, 87),
	(241, 2, 53),
	(248, 1, 103),
	(249, 2, 103),
	(250, 1, 104),
	(251, 2, 104),
	(254, 1, 101),
	(255, 2, 101),
	(256, 1, 100),
	(257, 2, 100),
	(258, 1, 79),
	(259, 2, 79),
	(260, 1, 98),
	(261, 2, 98),
	(262, 1, 105),
	(263, 2, 105);
/*!40000 ALTER TABLE `mind_roles_menus` ENABLE KEYS */;


-- Dumping structure for table ssn.mind_seos
CREATE TABLE IF NOT EXISTS `mind_seos` (
  `id` int(11) NOT NULL AUTO_INCREMENT,
  `title_tag` varchar(300) NOT NULL,
  `url` varchar(400) NOT NULL,
  `meta_keyword` text NOT NULL,
  `meta_desc` text NOT NULL,
  PRIMARY KEY (`id`)
) ENGINE=InnoDB AUTO_INCREMENT=2 DEFAULT CHARSET=latin1;

-- Dumping data for table ssn.mind_seos: ~1 rows (approximately)
/*!40000 ALTER TABLE `mind_seos` DISABLE KEYS */;
INSERT INTO `mind_seos` (`id`, `title_tag`, `url`, `meta_keyword`, `meta_desc`) VALUES
	(1, 'Home Page', 'http://verzview.com/verzgess/demo/', 'coaching, coach training, coaching training, coach certification, coaching certification, ICF coach training, ICF approved coach training, ICF approved coaching training, ICF approved coaching training, coach academy, coaching academy, Executive coach training, Executive coaching training, Life Coach training, Life Coaching Training, ', 'Coach Training');
/*!40000 ALTER TABLE `mind_seos` ENABLE KEYS */;


-- Dumping structure for table ssn.mind_settings
CREATE TABLE IF NOT EXISTS `mind_settings` (
  `id` int(11) NOT NULL AUTO_INCREMENT,
  `updated` timestamp NOT NULL DEFAULT CURRENT_TIMESTAMP ON UPDATE CURRENT_TIMESTAMP,
  `key` varchar(255) NOT NULL,
  `value` text NOT NULL,
  PRIMARY KEY (`id`),
  KEY `key` (`key`)
) ENGINE=InnoDB AUTO_INCREMENT=81 DEFAULT CHARSET=utf8;

-- Dumping data for table ssn.mind_settings: ~70 rows (approximately)
/*!40000 ALTER TABLE `mind_settings` DISABLE KEYS */;
INSERT INTO `mind_settings` (`id`, `updated`, `key`, `value`) VALUES
	(1, '2012-07-03 09:29:14', 'transportType', 's:4:"smtp";'),
	(2, '2015-06-19 17:53:48', 'smtpHost', 's:14:"smtp.gmail.com";'),
	(3, '2015-06-20 08:59:15', 'smtpUsername', 's:20:"ruuvangamy@gmail.com";'),
	(4, '2015-06-20 08:59:15', 'smtpPassword', 's:12:"vangamygmail";'),
	(5, '2012-02-01 05:01:43', 'smtpPort', 's:3:"465";'),
	(6, '2012-07-03 09:29:14', 'encryption', 's:3:"ssl";'),
	(7, '2015-01-14 10:35:00', 'adminEmail', 's:16:"mind3f@gmail.com";'),
	(8, '2014-12-16 15:04:43', 'dateFormat', 's:5:"d/m/Y";'),
	(9, '2014-11-25 15:31:40', 'timeFormat', 's:5:"H:i:s";'),
	(10, '2014-03-11 03:24:01', 'paypal_email_address', 's:40:"van.nguyenthikhanh-facilitator@gmail.com";'),
	(11, '2014-03-10 03:15:03', 'paypalType', 's:4:"test";'),
	(12, '2014-07-06 22:17:15', 'paypalURL', 's:0:"";'),
	(13, '2015-07-20 23:26:10', 'twitter', 's:0:"";'),
	(14, '2015-07-20 23:26:10', 'facebook', 's:0:"";'),
	(15, '2015-07-20 23:26:10', 'linkedin', 's:0:"";'),
	(16, '2012-03-21 20:29:44', 'rss', 'N;'),
	(17, '2012-07-12 08:02:22', 'meta_description', 's:235:"65 Doctor allows you to set appointments ahead of time with doctors from various medical specialties in Singapore. Let us help you find the right doctor based on your symptoms, required procedures, location, and even insurance company.";'),
	(18, '2012-07-12 08:02:22', 'meta_keywords', 's:203:"Singapore Doctors, Online Doctors Singapore, Doctor Appointments Online, Medical Appointments Online, Schedule Doctor Appointments, Find Doctors, Singapore Medical Consultation, Medical Community Online.";'),
	(19, '2014-04-26 11:00:39', 'title', 's:6:"Seapex";'),
	(20, '2013-04-15 08:59:14', 'last_working', 's:19:"2013-04-15 10:59:13";'),
	(21, '2015-01-14 10:35:00', 'autoEmail', 's:16:"mind3f@gmail.com";'),
	(32, '2012-06-13 10:52:30', 'image_watermark', 's:21:"bg_13395847462753.gif";'),
	(33, '2012-10-08 03:23:53', 'login_limit_times', 's:1:"4";'),
	(34, '2012-10-08 03:44:28', 'time_refresh_login', 's:1:"8";'),
	(35, '2013-04-12 07:14:21', 'title_all_mail', 's:0:"";'),
	(36, '2014-05-07 09:18:35', 'mailchimp_on', 'N;'),
	(37, '2014-05-07 09:18:36', 'mailchimp_api_key', 'N;'),
	(38, '2014-05-07 09:18:36', 'mailchimp_list_id', 'N;'),
	(39, '2014-05-07 09:18:36', 'mailchimp_title_groups', 'N;'),
	(40, '2013-04-15 07:28:39', 'server_name', 's:25:"http://localhost/yii_core";'),
	(41, '2014-04-18 16:20:00', 'company_name', 's:16:"SEAPEX Singapore";'),
	(42, '2014-04-18 16:20:00', 'company_address', 's:63:"20 Upper Circular Road, The River Walk #01-06, Singapore 058416";'),
	(43, '2014-04-18 16:24:14', 'copy_right', 's:65:"Copyright â”¬Â® 2014 SEAPEX. All rights reserved. Web Design by Verz";'),
	(44, '2014-11-27 17:39:22', 'defaultPageSize', 's:2:"20";'),
	(45, '2014-05-07 09:18:35', 'anotherEmail', 's:14:"judy@gmail.com";'),
	(46, '2014-06-17 15:34:40', 'paypal_currency', 's:3:"SGD";'),
	(47, '2014-05-16 15:13:02', 'paypal_minimum', 's:1:"1";'),
	(48, '2014-06-17 15:34:40', 'copyright_on_footer', 's:0:"";'),
	(49, '2015-01-14 10:34:38', 'baseUrl', 's:8:"locahost";'),
	(50, '2015-07-20 23:26:09', 'projectName', 's:3:"SSN";'),
	(51, '2015-07-20 23:26:09', 'defaultPageTitle', 's:3:"SSN";'),
	(52, '2015-07-20 23:26:09', 'metaDescription', 's:0:"";'),
	(53, '2015-07-20 23:26:10', 'metaKeywords', 's:0:"";'),
	(54, '2014-07-06 22:17:15', 'googleAnalytics', 's:4:"test";'),
	(55, '2014-07-06 22:17:15', 'copyrightOnFooter', 's:13:"<p>test</p>\r\n";'),
	(56, '2014-07-06 22:17:15', 'currencSign', 's:0:"";'),
	(57, '2014-07-25 07:27:42', 'loginLimitTimes', 's:1:"5";'),
	(58, '2014-07-25 07:27:42', 'timeRefreshLogin', 's:2:"50";'),
	(59, '2015-01-14 16:30:04', 'mailSenderName', 's:3:"Amy";'),
	(60, '2015-01-14 10:35:54', 'companyName', 's:11:"Rượu Amy";'),
	(61, '2014-12-04 08:55:05', 'companyAddress', 's:0:"";'),
	(62, '2014-07-06 22:17:15', 'contactFreeText', 's:0:"";'),
	(63, '2014-07-06 22:17:16', 'paypalBusinessEmail', 's:0:"";'),
	(64, '2014-07-06 22:17:16', 'paypalMode', 's:4:"live";'),
	(65, '2014-07-06 22:11:58', 'paypalMinimum', 's:0:"";'),
	(66, '2014-07-06 22:17:16', 'paypalCurrency', 's:0:"";'),
	(67, '2014-07-06 22:41:02', 'currencySign', 's:0:"";'),
	(68, '2015-01-14 10:35:54', 'companyPhone', 's:0:"";'),
	(69, '2015-01-14 10:35:54', 'companyEmail', 's:0:"";'),
	(70, '2014-11-27 16:17:38', 'mobilePhone', 's:0:"";'),
	(71, '2014-12-04 08:55:05', 'companyFax', 's:0:"";'),
	(72, '2014-12-16 15:04:43', 'googleplus', 's:0:"";'),
	(73, '2015-07-20 23:26:10', 'youtube', 's:0:"";'),
	(74, '2014-12-18 17:30:00', 'byTaxi', 's:0:"";'),
	(75, '2014-12-18 17:30:00', 'byBus', 's:0:"";'),
	(76, '2014-12-18 17:30:00', 'byMRT', 's:0:"";'),
	(77, '2015-01-14 10:35:10', 'mailchimpApiKey', 's:0:"";'),
	(78, '2015-01-14 10:35:10', 'mailchimpListId', 's:0:"";'),
	(79, '2015-01-14 10:35:10', 'mailchimpOn', 's:2:"no";'),
	(80, '2015-01-14 10:34:38', 'wordpress', 's:0:"";');
/*!40000 ALTER TABLE `mind_settings` ENABLE KEYS */;


-- Dumping structure for table ssn.mind_ssn_company
CREATE TABLE IF NOT EXISTS `mind_ssn_company` (
  `id` int(11) NOT NULL AUTO_INCREMENT,
  `name` varchar(255) COLLATE utf8_unicode_ci DEFAULT NULL,
  `is_img_active` tinyint(1) DEFAULT '0',
  `user_id` int(11) DEFAULT '0',
  `image` varchar(255) COLLATE utf8_unicode_ci DEFAULT NULL,
  `address` varchar(255) COLLATE utf8_unicode_ci DEFAULT NULL,
  `website` varchar(255) COLLATE utf8_unicode_ci DEFAULT NULL,
  `phone` varchar(20) COLLATE utf8_unicode_ci DEFAULT NULL,
  `size` text COLLATE utf8_unicode_ci,
  `about` text COLLATE utf8_unicode_ci,
  `status` tinyint(4) DEFAULT '0',
  `order_by` tinyint(4) DEFAULT '0',
  `created_date` datetime DEFAULT NULL,
  `updated_date` timestamp NOT NULL DEFAULT CURRENT_TIMESTAMP ON UPDATE CURRENT_TIMESTAMP,
  PRIMARY KEY (`id`)
) ENGINE=InnoDB AUTO_INCREMENT=15 DEFAULT CHARSET=utf8 COLLATE=utf8_unicode_ci;

-- Dumping data for table ssn.mind_ssn_company: ~3 rows (approximately)
/*!40000 ALTER TABLE `mind_ssn_company` DISABLE KEYS */;
INSERT INTO `mind_ssn_company` (`id`, `name`, `is_img_active`, `user_id`, `image`, `address`, `website`, `phone`, `size`, `about`, `status`, `order_by`, `created_date`, `updated_date`) VALUES
	(12, 'cocacola', 0, 17, NULL, 'address', 'abc.com', '9282938', '20', 'this is about for this company', 0, 0, NULL, '2015-07-27 23:20:30'),
	(13, 'company2', 1, 18, '1438016552_13_ab.jpg', 'address', 'website', '232222', '22', 'this is about', 0, 0, NULL, '2015-07-28 00:02:33'),
	(14, 'company2', 1, 19, '1438018073_14_ab.jpg', 'address', 'website', '232222', '22', 'this is about', 0, 0, NULL, '2015-07-28 00:27:53');
/*!40000 ALTER TABLE `mind_ssn_company` ENABLE KEYS */;


-- Dumping structure for table ssn.mind_ssn_department
CREATE TABLE IF NOT EXISTS `mind_ssn_department` (
  `id` int(11) NOT NULL AUTO_INCREMENT,
  `company_id` int(11) DEFAULT '0',
  `name` varchar(255) COLLATE utf8_unicode_ci DEFAULT NULL,
  `image` varchar(255) COLLATE utf8_unicode_ci DEFAULT NULL,
  `address` varchar(255) COLLATE utf8_unicode_ci DEFAULT NULL,
  `phone` varchar(20) COLLATE utf8_unicode_ci DEFAULT NULL,
  `about` text COLLATE utf8_unicode_ci,
  `status` tinyint(4) DEFAULT '0',
  `order_by` tinyint(4) DEFAULT '0',
  `created_date` datetime DEFAULT NULL,
  `updated_date` timestamp NOT NULL DEFAULT CURRENT_TIMESTAMP ON UPDATE CURRENT_TIMESTAMP,
  PRIMARY KEY (`id`)
) ENGINE=InnoDB DEFAULT CHARSET=utf8 COLLATE=utf8_unicode_ci ROW_FORMAT=COMPACT;

-- Dumping data for table ssn.mind_ssn_department: ~0 rows (approximately)
/*!40000 ALTER TABLE `mind_ssn_department` DISABLE KEYS */;
/*!40000 ALTER TABLE `mind_ssn_department` ENABLE KEYS */;


-- Dumping structure for table ssn.mind_ssn_partner
CREATE TABLE IF NOT EXISTS `mind_ssn_partner` (
  `id` int(11) NOT NULL AUTO_INCREMENT,
  `from_user_id` int(11) NOT NULL DEFAULT '0',
  `to_user_id` int(11) NOT NULL DEFAULT '0',
  `created_date` datetime DEFAULT NULL,
  `status` tinyint(4) NOT NULL DEFAULT '0',
  `approve_by` int(11) NOT NULL DEFAULT '0',
  PRIMARY KEY (`id`)
) ENGINE=InnoDB AUTO_INCREMENT=13 DEFAULT CHARSET=utf8 COLLATE=utf8_unicode_ci;

-- Dumping data for table ssn.mind_ssn_partner: ~6 rows (approximately)
/*!40000 ALTER TABLE `mind_ssn_partner` DISABLE KEYS */;
INSERT INTO `mind_ssn_partner` (`id`, `from_user_id`, `to_user_id`, `created_date`, `status`, `approve_by`) VALUES
	(7, 19, 18, '2015-07-28 01:38:12', 2, 0),
	(8, 19, 18, '2015-07-28 01:44:06', 2, 0),
	(9, 18, 19, '2015-07-28 01:44:33', 2, 0),
	(10, 19, 18, '2015-07-28 01:54:15', 0, 0),
	(11, 19, 18, '2015-07-28 01:56:25', 0, 0),
	(12, 19, 17, '2015-07-28 02:00:00', 2, 0);
/*!40000 ALTER TABLE `mind_ssn_partner` ENABLE KEYS */;


-- Dumping structure for table ssn.mind_ssn_sample
CREATE TABLE IF NOT EXISTS `mind_ssn_sample` (
  `id` int(11) NOT NULL AUTO_INCREMENT,
  `item` varchar(255) COLLATE utf8_unicode_ci NOT NULL DEFAULT '0',
  `color` tinytext COLLATE utf8_unicode_ci,
  `quantity` tinyint(4) NOT NULL DEFAULT '0',
  `awbn` text COLLATE utf8_unicode_ci,
  `remark` text COLLATE utf8_unicode_ci,
  `file` varchar(255) COLLATE utf8_unicode_ci DEFAULT NULL,
  `status` tinyint(4) NOT NULL DEFAULT '0',
  `order_by` tinyint(4) NOT NULL DEFAULT '0',
  `created_date` datetime DEFAULT NULL,
  `updated_date` timestamp NOT NULL DEFAULT CURRENT_TIMESTAMP ON UPDATE CURRENT_TIMESTAMP,
  PRIMARY KEY (`id`)
) ENGINE=InnoDB DEFAULT CHARSET=utf8 COLLATE=utf8_unicode_ci;

-- Dumping data for table ssn.mind_ssn_sample: ~0 rows (approximately)
/*!40000 ALTER TABLE `mind_ssn_sample` DISABLE KEYS */;
/*!40000 ALTER TABLE `mind_ssn_sample` ENABLE KEYS */;


-- Dumping structure for table ssn.mind_ssn_sample_status
CREATE TABLE IF NOT EXISTS `mind_ssn_sample_status` (
  `id` int(11) NOT NULL AUTO_INCREMENT,
  `sample_id` int(11) DEFAULT '0',
  `date_sent` datetime DEFAULT NULL,
  `date_received` datetime DEFAULT NULL,
  `receiver_id` varchar(255) COLLATE utf8_unicode_ci NOT NULL DEFAULT '0',
  `sender_id` varchar(255) COLLATE utf8_unicode_ci NOT NULL DEFAULT '0',
  `status` tinyint(4) NOT NULL DEFAULT '0',
  PRIMARY KEY (`id`)
) ENGINE=InnoDB DEFAULT CHARSET=utf8 COLLATE=utf8_unicode_ci;

-- Dumping data for table ssn.mind_ssn_sample_status: ~0 rows (approximately)
/*!40000 ALTER TABLE `mind_ssn_sample_status` DISABLE KEYS */;
/*!40000 ALTER TABLE `mind_ssn_sample_status` ENABLE KEYS */;


-- Dumping structure for table ssn.mind_ssn_user_department
CREATE TABLE IF NOT EXISTS `mind_ssn_user_department` (
  `id` int(11) NOT NULL AUTO_INCREMENT,
  `user_id` int(11) NOT NULL DEFAULT '0',
  `department_id` int(11) NOT NULL DEFAULT '0',
  `company_id` int(11) NOT NULL DEFAULT '0',
  PRIMARY KEY (`id`)
) ENGINE=InnoDB DEFAULT CHARSET=utf8 COLLATE=utf8_unicode_ci;

-- Dumping data for table ssn.mind_ssn_user_department: ~0 rows (approximately)
/*!40000 ALTER TABLE `mind_ssn_user_department` DISABLE KEYS */;
/*!40000 ALTER TABLE `mind_ssn_user_department` ENABLE KEYS */;


-- Dumping structure for table ssn.mind_static_block
CREATE TABLE IF NOT EXISTS `mind_static_block` (
  `id` int(11) NOT NULL AUTO_INCREMENT,
  `title` varchar(250) DEFAULT NULL,
  `content` text,
  `name` varchar(50) DEFAULT NULL,
  PRIMARY KEY (`id`)
) ENGINE=InnoDB AUTO_INCREMENT=12 DEFAULT CHARSET=utf8;

-- Dumping data for table ssn.mind_static_block: ~11 rows (approximately)
/*!40000 ALTER TABLE `mind_static_block` DISABLE KEYS */;
INSERT INTO `mind_static_block` (`id`, `title`, `content`, `name`) VALUES
	(1, 'Footer Link 1', '<ul class="list-link">\r\n	<li><a href="{{BASE_URL}}">Trang chủ</a></li>\r\n</ul>\r\n', 'footer_link_1'),
	(2, 'Footer Subscribe', '<h3 class="title-3">Subscribe to our newsletter</h3>\r\n<p>In congue pulvinar est In hac habitasse platea dictumst. Nunc volutpat imperdiet lacus, tempus commodo velit pretium et.</p>\r\n', 'footer_subscribe'),
	(3, 'Home who we are', '<h2 class="title-1">WHO WE ARE?</h2>\r\n\r\n<p>We are a Building Information Modelling (BIM) consultancy and services organisation. We provide strategic advice and hands-on services to building design professionals, contractors, and owners seeking to supplant traditional project delivery methods through technology-driven process innovation.</p>\r\n\r\n<p><a class="btn btn-1" href="#">Read more</a></p>\r\n', 'home_who_we_are'),
	(4, 'Home BIM Services', '<p><img alt="BIM Services" src="http://localhost/dihub/themes/dihub/img/services.png" style="height: 116px;" /></p>\r\n\r\n<h3><a href="#">BIM Services</a></h3>\r\n', 'home_bim_services'),
	(5, 'Home ATC (BIM Training)', '<p><img alt="ATC (BIM Training)" src="http://localhost/dihub/themes/dihub/img/training.png" style="height: 116px;" /></p>\r\n\r\n<h3><a href="#">ATC (BIM Training)</a></h3>\r\n', 'home_bim_training'),
	(6, 'Home BIM Printing', '<img style="height: 116px;" src="http://localhost/dihub/themes/dihub/img/printing.png" alt="BIM Printing"><h3><a href="#">BIM Printing</a></h3>', 'home_bim_printing'),
	(7, 'Home Why Choose us', '<div class="container">\r\n		<h2 class="title-1">Why Choose us? </h2>\r\n		<p>Our parent group has 180 years of experience in the architectural design and engineering industry. Naturally when you choose you can rely on our vast collective expertise, professionalism and resourcefulness. We bring to you reliable capabilities in BIM Software, Project Management  and training. </p>\r\n		<a class="btn btn-1" href="#">read more</a>\r\n	</div>', 'home_why_choose_us'),
	(8, 'Home our clients', '<h2 class="title-1">OUR CLIENTS</h2>\r\n\r\n<ul>\r\n	<li class="first"><a href="http://www.nike.com/" target="_blank"><img alt="Nike" src="http://localhost/dihub/themes/dihub/img/nike.jpg" /></a></li>\r\n	<li><a href="http://www.nike.com/" target="_blank"><img alt="Almera" src="http://localhost/dihub/themes/dihub/img/al.jpg" /></a></li>\r\n	<li><a href="http://www.nike.com/" target="_blank"><img alt="FedEx" src="http://localhost/dihub/themes/dihub/img/fed.jpg" /></a></li>\r\n	<li><a href="http://www.nike.com/" target="_blank"><img alt="Goodnex" src="http://localhost/dihub/themes/dihub/img/good.jpg" /></a></li>\r\n	<li><a href="http://www.nike.com/" target="_blank"><img alt="Abc" src="http://localhost/dihub/themes/dihub/img/abc.jpg" /></a></li>\r\n	<li class="last"><a href="http://www.nike.com/" target="_blank"><img alt="Axioma" src="http://localhost/dihub/themes/dihub/img/axi.jpg" /></a></li>\r\n</ul>\r\n', 'home_our_clients'),
	(9, 'Footer Link 3', '<h3 class="title-4">Li&ecirc;n kết</h3>\r\n\r\n<ul class="list-link">\r\n	<li class="first"><a href="javascript:;">link 1</a></li>\r\n</ul>\r\n', 'footer_link_3'),
	(10, 'Home image', '<p><img alt="" src="http://localhost/verzcma/upload/ckimage/images/img.jpg" style="width: 196px; height: 142px;" /></p>\r\n', 'home_image'),
	(11, 'BIM Service image', '<p><img alt="" src="http://localhost/verzcma/upload/ckimage/images/img.jpg" style="width: 196px; height: 142px;" /></p>\r\n', 'bim_service_image');
/*!40000 ALTER TABLE `mind_static_block` ENABLE KEYS */;


-- Dumping structure for table ssn.mind_subscriber
CREATE TABLE IF NOT EXISTS `mind_subscriber` (
  `id` int(11) NOT NULL AUTO_INCREMENT,
  `name` varchar(128) DEFAULT NULL,
  `email` varchar(200) CHARACTER SET utf8 COLLATE utf8_unicode_ci NOT NULL,
  `status` tinyint(4) NOT NULL DEFAULT '1',
  `subscriber_group_id` int(6) DEFAULT NULL,
  PRIMARY KEY (`id`)
) ENGINE=InnoDB AUTO_INCREMENT=4 DEFAULT CHARSET=utf8;

-- Dumping data for table ssn.mind_subscriber: ~3 rows (approximately)
/*!40000 ALTER TABLE `mind_subscriber` DISABLE KEYS */;
INSERT INTO `mind_subscriber` (`id`, `name`, `email`, `status`, `subscriber_group_id`) VALUES
	(1, 'huynh', 'hue@gmail.com', 1, NULL),
	(2, NULL, 'u@m.mm', 1, NULL),
	(3, NULL, 'user@m.mm', 1, NULL);
/*!40000 ALTER TABLE `mind_subscriber` ENABLE KEYS */;


-- Dumping structure for table ssn.mind_subscriber_group
CREATE TABLE IF NOT EXISTS `mind_subscriber_group` (
  `id` int(11) NOT NULL AUTO_INCREMENT,
  `name` varchar(150) DEFAULT NULL,
  `status` tinyint(1) DEFAULT '1',
  PRIMARY KEY (`id`)
) ENGINE=InnoDB DEFAULT CHARSET=utf8;

-- Dumping data for table ssn.mind_subscriber_group: ~0 rows (approximately)
/*!40000 ALTER TABLE `mind_subscriber_group` DISABLE KEYS */;
/*!40000 ALTER TABLE `mind_subscriber_group` ENABLE KEYS */;


-- Dumping structure for table ssn.mind_users
CREATE TABLE IF NOT EXISTS `mind_users` (
  `id` bigint(20) NOT NULL AUTO_INCREMENT,
  `image` varchar(255) DEFAULT NULL,
  `is_img_active` tinyint(1) DEFAULT '0',
  `username` varchar(50) CHARACTER SET utf8 COLLATE utf8_unicode_ci DEFAULT NULL,
  `email` varchar(200) CHARACTER SET utf8 COLLATE utf8_unicode_ci DEFAULT NULL,
  `password_hash` varchar(100) CHARACTER SET utf8 COLLATE utf8_unicode_ci NOT NULL,
  `temp_password` varchar(30) CHARACTER SET utf8 COLLATE utf8_unicode_ci NOT NULL,
  `first_name` varchar(100) NOT NULL,
  `last_name` varchar(100) NOT NULL,
  `full_name` varchar(200) NOT NULL,
  `slug` varchar(350) DEFAULT NULL,
  `login_attemp` int(11) NOT NULL,
  `created_date` datetime NOT NULL,
  `last_logged_in` datetime NOT NULL,
  `ip_address` varchar(30) CHARACTER SET utf8 COLLATE utf8_unicode_ci NOT NULL,
  `role_id` int(1) NOT NULL,
  `application_id` int(11) NOT NULL,
  `status` tinyint(4) NOT NULL DEFAULT '0',
  `gender` varchar(6) CHARACTER SET utf8 COLLATE utf8_unicode_ci DEFAULT NULL,
  `phone_public` varchar(30) CHARACTER SET utf8 COLLATE utf8_unicode_ci DEFAULT NULL,
  `phone_private` varchar(30) DEFAULT NULL,
  `verify_code` varchar(100) CHARACTER SET utf8 COLLATE utf8_unicode_ci DEFAULT NULL,
  `area_code_id` int(11) DEFAULT NULL,
  `address` text,
  `skype` varchar(50) DEFAULT NULL,
  `whatapps` varchar(50) DEFAULT NULL,
  `line` varchar(50) DEFAULT NULL,
  `viber` varchar(50) DEFAULT NULL,
  `wechat` varchar(50) DEFAULT NULL,
  PRIMARY KEY (`id`),
  KEY `username` (`username`),
  KEY `email` (`email`)
) ENGINE=InnoDB AUTO_INCREMENT=20 DEFAULT CHARSET=utf8;

-- Dumping data for table ssn.mind_users: ~5 rows (approximately)
/*!40000 ALTER TABLE `mind_users` DISABLE KEYS */;
INSERT INTO `mind_users` (`id`, `image`, `is_img_active`, `username`, `email`, `password_hash`, `temp_password`, `first_name`, `last_name`, `full_name`, `slug`, `login_attemp`, `created_date`, `last_logged_in`, `ip_address`, `role_id`, `application_id`, `status`, `gender`, `phone_public`, `phone_private`, `verify_code`, `area_code_id`, `address`, `skype`, `whatapps`, `line`, `viber`, `wechat`) VALUES
	(1, NULL, 0, 'manager', 'manager@manager.com', 'e10adc3949ba59abbe56e057f20f883e', '123456', 'manager', 'manager', 'manager', NULL, 0, '2012-06-19 00:00:00', '2015-07-27 23:48:46', '::1', 1, 1, 1, 'FEMALE', '0909999999', NULL, NULL, 0, NULL, NULL, NULL, NULL, NULL, NULL),
	(2, NULL, 0, 'admin', 'admin@admin.com', 'e10adc3949ba59abbe56e057f20f883e', '123456', 'Admin', 'Admin', 'Administrator', NULL, 0, '2012-06-19 00:00:00', '2015-07-28 02:04:39', '::1', 2, 1, 1, 'MALE', '', NULL, '', 0, NULL, NULL, NULL, NULL, NULL, NULL),
	(17, NULL, 0, NULL, 'mind3f@gmail.com', '0746347c26adb409b4ca4687381af05a', 'doan2012@', '', '', 'thanh binh', NULL, 0, '0000-00-00 00:00:00', '2015-07-28 02:06:37', '::1', 3, 2, 1, NULL, '0122322322', '222', '335162', NULL, NULL, 'mind3f', 'whatapps', 'line', 'viber', 'wechat'),
	(18, NULL, 0, NULL, 'user2@gmail.com', 'defe12aad396f90e6b179c239de260d4', '123456ab', '', '', 'user2', NULL, 0, '0000-00-00 00:00:00', '2015-07-28 02:11:30', '::1', 3, 2, 1, NULL, '902039000', '0823229', '887253', NULL, NULL, 'skype', 'whatapps', 'line', 'viber', 'wechat'),
	(19, NULL, 0, NULL, 'user3@gmail.com', '0746347c26adb409b4ca4687381af05a', 'doan2012@', '', '', 'user3', NULL, 0, '0000-00-00 00:00:00', '2015-07-28 01:22:45', '::1', 3, 2, 1, NULL, '9203920', '092002', '684226', NULL, NULL, 'skype', 'whatapps', 'line', 'viber', 'wechat');
/*!40000 ALTER TABLE `mind_users` ENABLE KEYS */;


-- Dumping structure for table ssn.mind_users_actions
CREATE TABLE IF NOT EXISTS `mind_users_actions` (
  `id` int(11) NOT NULL AUTO_INCREMENT,
  `user_id` int(11) DEFAULT NULL,
  `module` varchar(31) DEFAULT NULL,
  `controller` varchar(31) DEFAULT NULL,
  `actions` varchar(256) DEFAULT NULL,
  `type` varchar(31) DEFAULT NULL,
  PRIMARY KEY (`id`)
) ENGINE=InnoDB DEFAULT CHARSET=latin1;

-- Dumping data for table ssn.mind_users_actions: ~0 rows (approximately)
/*!40000 ALTER TABLE `mind_users_actions` DISABLE KEYS */;
/*!40000 ALTER TABLE `mind_users_actions` ENABLE KEYS */;


-- Dumping structure for table ssn.tbl_audit_trail
CREATE TABLE IF NOT EXISTS `tbl_audit_trail` (
  `id` int(11) NOT NULL AUTO_INCREMENT,
  `old_value` varchar(500) DEFAULT NULL,
  `new_value` varchar(500) DEFAULT NULL,
  `action` varchar(100) DEFAULT NULL,
  `model` varchar(250) DEFAULT NULL,
  `field` varchar(100) DEFAULT NULL,
  `stamp` datetime DEFAULT NULL,
  `user_id` varchar(100) DEFAULT NULL,
  `model_id` int(11) DEFAULT NULL,
  PRIMARY KEY (`id`),
  KEY `idx_audit_trail_old_value` (`old_value`),
  KEY `idx_audit_trail_new_value` (`new_value`),
  KEY `idx_audit_trail_action` (`action`),
  KEY `idx_audit_trail_user_id` (`user_id`),
  KEY `idx_audit_trail_model_id` (`model_id`),
  KEY `idx_audit_trail_model` (`model`),
  KEY `idx_audit_trail_field` (`field`)
) ENGINE=InnoDB AUTO_INCREMENT=652 DEFAULT CHARSET=latin1;

-- Dumping data for table ssn.tbl_audit_trail: ~571 rows (approximately)
/*!40000 ALTER TABLE `tbl_audit_trail` DISABLE KEYS */;
INSERT INTO `tbl_audit_trail` (`id`, `old_value`, `new_value`, `action`, `model`, `field`, `stamp`, `user_id`, `model_id`) VALUES
	(81, '2014-12-19 10:54:54', '2014-12-19 23:59:29', 'CHANGE', 'Users', 'last_logged_in', '2014-12-19 23:59:29', NULL, 2),
	(82, '2014-12-19 23:59:29', '2014-12-21 03:10:00', 'CHANGE', 'Users', 'last_logged_in', '2014-12-21 03:10:00', NULL, 2),
	(83, '0', '1', 'CHANGE', 'Users', 'login_attemp', '2014-12-23 00:51:39', NULL, 2),
	(84, '1', '0', 'CHANGE', 'Users', 'login_attemp', '2014-12-23 00:51:44', NULL, 2),
	(85, '2014-12-21 03:10:00', '2014-12-23 00:51:44', 'CHANGE', 'Users', 'last_logged_in', '2014-12-23 00:51:44', NULL, 2),
	(86, '2014-12-23 00:51:44', '2014-12-22 10:08:11', 'CHANGE', 'Users', 'last_logged_in', '2014-12-22 10:08:11', NULL, 2),
	(87, '2014-12-22 10:08:11', '2014-12-24 02:44:05', 'CHANGE', 'Users', 'last_logged_in', '2014-12-24 02:44:05', NULL, 2),
	(88, '2014-12-24 02:44:05', '2014-12-23 11:57:17', 'CHANGE', 'Users', 'last_logged_in', '2014-12-23 11:57:17', NULL, 2),
	(89, '2014-12-23 11:57:17', '2014-12-23 12:41:09', 'CHANGE', 'Users', 'last_logged_in', '2014-12-23 12:41:09', NULL, 2),
	(90, '2014-12-23 12:41:09', '2014-12-23 12:41:21', 'CHANGE', 'Users', 'last_logged_in', '2014-12-23 12:41:21', NULL, 2),
	(91, '2014-12-23 12:41:21', '2014-12-23 12:41:36', 'CHANGE', 'Users', 'last_logged_in', '2014-12-23 12:41:36', NULL, 2),
	(92, '2014-12-23 12:41:36', '2014-12-23 12:41:45', 'CHANGE', 'Users', 'last_logged_in', '2014-12-23 12:41:45', NULL, 2),
	(93, '2014-12-23 12:41:45', '2014-12-24 08:59:48', 'CHANGE', 'Users', 'last_logged_in', '2014-12-24 08:59:48', NULL, 2),
	(94, '2014-12-24 08:59:48', '2014-12-25 00:47:55', 'CHANGE', 'Users', 'last_logged_in', '2014-12-25 00:47:56', NULL, 2),
	(95, '2014-12-25 00:47:55', '2014-12-26 15:16:04', 'CHANGE', 'Users', 'last_logged_in', '2014-12-26 15:16:04', NULL, 2),
	(96, '2014-12-26 15:16:04', '2014-12-29 11:44:46', 'CHANGE', 'Users', 'last_logged_in', '2014-12-29 11:44:46', NULL, 2),
	(97, '0', '1', 'CHANGE', 'Users', 'login_attemp', '2014-12-30 10:37:02', NULL, 2),
	(98, '1', '0', 'CHANGE', 'Users', 'login_attemp', '2014-12-30 10:37:10', NULL, 2),
	(99, '2014-12-29 11:44:46', '2014-12-30 10:37:09', 'CHANGE', 'Users', 'last_logged_in', '2014-12-30 10:37:10', NULL, 2),
	(100, '2014-12-30 10:37:09', '2014-12-30 12:08:37', 'CHANGE', 'Users', 'last_logged_in', '2014-12-30 12:08:37', NULL, 2),
	(101, '2014-12-30 12:08:37', '2015-01-02 12:13:34', 'CHANGE', 'Users', 'last_logged_in', '2015-01-02 12:13:34', NULL, 2),
	(102, '2015-01-02 12:13:34', '2015-01-02 15:16:04', 'CHANGE', 'Users', 'last_logged_in', '2015-01-02 15:16:04', NULL, 2),
	(103, '0', '1', 'CHANGE', 'Users', 'login_attemp', '2015-01-07 10:12:33', NULL, 2),
	(104, '1', '0', 'CHANGE', 'Users', 'login_attemp', '2015-01-07 10:12:41', NULL, 2),
	(105, '2015-01-02 15:16:04', '2015-01-07 10:12:41', 'CHANGE', 'Users', 'last_logged_in', '2015-01-07 10:12:41', NULL, 2),
	(106, '2015-01-07 10:12:41', '2015-01-14 10:29:49', 'CHANGE', 'Users', 'last_logged_in', '2015-01-14 10:29:49', NULL, 2),
	(107, '2015-01-14 10:29:49', '2015-01-14 17:29:25', 'CHANGE', 'Users', 'last_logged_in', '2015-01-14 17:29:26', NULL, 2),
	(108, '2015-01-14 17:29:25', '2015-01-15 11:55:46', 'CHANGE', 'Users', 'last_logged_in', '2015-01-15 11:55:46', NULL, 2),
	(109, '2015-01-15 11:55:46', '2015-01-19 11:08:57', 'CHANGE', 'Users', 'last_logged_in', '2015-01-19 11:08:58', NULL, 2),
	(110, '2015-01-19 11:08:57', '2015-01-30 16:36:48', 'CHANGE', 'Users', 'last_logged_in', '2015-01-30 16:36:49', NULL, 2),
	(111, '2015-01-30 16:36:48', '2015-02-02 11:49:06', 'CHANGE', 'Users', 'last_logged_in', '2015-02-02 11:49:06', NULL, 2),
	(112, '2015-02-02 11:49:06', '2015-02-03 09:51:52', 'CHANGE', 'Users', 'last_logged_in', '2015-02-03 09:51:53', NULL, 2),
	(113, '2015-02-03 09:51:52', '2015-02-03 14:40:00', 'CHANGE', 'Users', 'last_logged_in', '2015-02-03 14:40:00', NULL, 2),
	(114, '2015-02-03 14:40:00', '2015-02-03 16:23:51', 'CHANGE', 'Users', 'last_logged_in', '2015-02-03 16:23:51', NULL, 2),
	(115, '2015-02-03 16:23:51', '2015-02-03 16:45:23', 'CHANGE', 'Users', 'last_logged_in', '2015-02-03 16:45:23', NULL, 2),
	(116, '2015-02-03 16:45:23', '2015-02-03 17:37:45', 'CHANGE', 'Users', 'last_logged_in', '2015-02-03 17:37:45', NULL, 2),
	(117, '0', '1', 'CHANGE', 'Users', 'login_attemp', '2015-02-04 22:49:48', NULL, 2),
	(118, '1', '2', 'CHANGE', 'Users', 'login_attemp', '2015-02-04 22:50:24', NULL, 2),
	(119, '2', '3', 'CHANGE', 'Users', 'login_attemp', '2015-02-04 22:50:28', NULL, 2),
	(120, '3', '4', 'CHANGE', 'Users', 'login_attemp', '2015-02-04 22:50:43', NULL, 2),
	(121, '4', '5', 'CHANGE', 'Users', 'login_attemp', '2015-02-04 22:50:52', NULL, 2),
	(122, '5', '6', 'CHANGE', 'Users', 'login_attemp', '2015-02-04 22:51:31', NULL, 2),
	(123, '6', '7', 'CHANGE', 'Users', 'login_attemp', '2015-02-04 22:52:00', NULL, 2),
	(124, '7', '8', 'CHANGE', 'Users', 'login_attemp', '2015-02-04 22:52:16', NULL, 2),
	(125, '8', '9', 'CHANGE', 'Users', 'login_attemp', '2015-02-04 22:53:51', NULL, 2),
	(126, '9', '10', 'CHANGE', 'Users', 'login_attemp', '2015-02-04 22:54:43', NULL, 2),
	(127, '10', '11', 'CHANGE', 'Users', 'login_attemp', '2015-02-04 22:56:30', NULL, 2),
	(128, '11', '0', 'CHANGE', 'Users', 'login_attemp', '2015-02-04 22:56:53', NULL, 2),
	(129, '2015-02-03 17:37:45', '2015-02-04 22:56:53', 'CHANGE', 'Users', 'last_logged_in', '2015-02-04 22:56:53', NULL, 2),
	(130, '2015-02-04 22:56:53', '2015-02-05 08:00:11', 'CHANGE', 'Users', 'last_logged_in', '2015-02-05 08:00:11', NULL, 2),
	(131, '2015-02-05 08:00:11', '2015-02-06 17:51:42', 'CHANGE', 'Users', 'last_logged_in', '2015-02-06 17:51:42', NULL, 2),
	(132, '2015-02-06 17:51:42', '2015-02-06 20:26:15', 'CHANGE', 'Users', 'last_logged_in', '2015-02-06 20:26:15', NULL, 2),
	(133, '2015-02-06 20:26:15', '2015-02-07 10:45:51', 'CHANGE', 'Users', 'last_logged_in', '2015-02-07 10:45:51', NULL, 2),
	(134, '2015-02-07 10:45:51', '2015-02-07 11:02:22', 'CHANGE', 'Users', 'last_logged_in', '2015-02-07 11:02:22', NULL, 2),
	(135, '2015-02-07 11:02:22', '2015-02-09 00:46:39', 'CHANGE', 'Users', 'last_logged_in', '2015-02-09 00:46:39', NULL, 2),
	(136, '2015-02-09 00:46:39', '2015-02-09 09:49:23', 'CHANGE', 'Users', 'last_logged_in', '2015-02-09 09:49:24', NULL, 2),
	(137, '2015-02-09 09:49:23', '2015-02-09 22:36:56', 'CHANGE', 'Users', 'last_logged_in', '2015-02-09 22:36:56', NULL, 2),
	(138, '2015-02-09 22:36:56', '2015-02-09 22:42:10', 'CHANGE', 'Users', 'last_logged_in', '2015-02-09 22:42:10', NULL, 2),
	(139, '2015-02-09 22:42:10', '2015-02-11 10:43:14', 'CHANGE', 'Users', 'last_logged_in', '2015-02-11 10:43:14', NULL, 2),
	(140, '2015-02-11 10:43:14', '2015-06-04 14:01:54', 'CHANGE', 'Users', 'last_logged_in', '2015-06-04 14:01:54', NULL, 2),
	(141, '0', '1', 'CHANGE', 'Users', 'login_attemp', '2015-06-19 10:28:22', NULL, 2),
	(142, '1', '2', 'CHANGE', 'Users', 'login_attemp', '2015-06-19 10:51:06', NULL, 2),
	(143, '2', '3', 'CHANGE', 'Users', 'login_attemp', '2015-06-19 10:51:11', NULL, 2),
	(144, '3', '0', 'CHANGE', 'Users', 'login_attemp', '2015-06-19 10:51:34', NULL, 2),
	(145, '2015-06-04 14:01:54', '2015-06-19 10:51:34', 'CHANGE', 'Users', 'last_logged_in', '2015-06-19 10:51:34', NULL, 2),
	(146, '2015-06-19 10:51:34', '2015-06-19 14:53:50', 'CHANGE', 'Users', 'last_logged_in', '2015-06-19 14:53:50', NULL, 2),
	(147, '2014-06-16 17:15:38', '2015-06-19 18:02:26', 'CHANGE', 'Users', 'last_logged_in', '2015-06-19 18:02:26', NULL, 1),
	(148, '2015-06-19 14:53:50', '2015-06-19 18:02:52', 'CHANGE', 'Users', 'last_logged_in', '2015-06-19 18:02:53', NULL, 2),
	(149, '2015-06-19 18:02:26', '2015-06-20 09:52:13', 'CHANGE', 'Users', 'last_logged_in', '2015-06-20 09:52:13', NULL, 1),
	(150, '2015-06-20 09:52:13', '2015-06-20 09:55:32', 'CHANGE', 'Users', 'last_logged_in', '2015-06-20 09:55:32', NULL, 1),
	(151, '2015-06-19 18:02:52', '2015-06-20 09:55:56', 'CHANGE', 'Users', 'last_logged_in', '2015-06-20 09:55:56', NULL, 2),
	(152, '2015-06-20 09:55:56', '2015-06-23 17:13:20', 'CHANGE', 'Users', 'last_logged_in', '2015-06-23 17:13:20', NULL, 2),
	(153, '2015-06-23 17:13:20', '2015-06-26 18:43:39', 'CHANGE', 'Users', 'last_logged_in', '2015-06-26 18:43:40', NULL, 2),
	(154, '2015-06-26 18:43:39', '2015-06-30 15:52:30', 'CHANGE', 'Users', 'last_logged_in', '2015-06-30 15:52:30', NULL, 2),
	(155, '0', '1', 'CHANGE', 'Users', 'login_attemp', '2015-07-01 00:51:45', NULL, 2),
	(156, '1', '0', 'CHANGE', 'Users', 'login_attemp', '2015-07-01 00:51:50', NULL, 2),
	(157, '2015-06-30 15:52:30', '2015-07-01 00:51:49', 'CHANGE', 'Users', 'last_logged_in', '2015-07-01 00:51:50', NULL, 2),
	(158, '2015-07-01 00:51:49', '2015-07-03 16:12:45', 'CHANGE', 'Users', 'last_logged_in', '2015-07-03 16:12:45', NULL, 2),
	(159, '2015-07-03 16:12:45', '2015-07-20 23:46:13', 'CHANGE', 'Users', 'last_logged_in', '2015-07-20 23:46:14', NULL, 2),
	(160, '2015-06-20 09:55:32', '2015-07-20 23:57:06', 'CHANGE', 'Users', 'last_logged_in', '2015-07-20 23:57:06', NULL, 1),
	(161, '2015-07-20 23:57:06', '2015-07-21 09:14:52', 'CHANGE', 'Users', 'last_logged_in', '2015-07-21 09:14:52', NULL, 1),
	(162, '2015-07-21 09:14:52', '2015-07-21 09:17:54', 'CHANGE', 'Users', 'last_logged_in', '2015-07-21 09:17:54', '1', 1),
	(163, '2015-07-21 09:17:54', '2015-07-21 09:19:11', 'CHANGE', 'Users', 'last_logged_in', '2015-07-21 09:19:11', '1', 1),
	(164, '2015-07-21 09:19:11', '2015-07-21 09:19:35', 'CHANGE', 'Users', 'last_logged_in', '2015-07-21 09:19:35', '1', 1),
	(165, '2015-07-21 09:19:35', '2015-07-21 09:19:56', 'CHANGE', 'Users', 'last_logged_in', '2015-07-21 09:19:56', '1', 1),
	(166, '2015-07-21 09:19:56', '2015-07-21 09:20:10', 'CHANGE', 'Users', 'last_logged_in', '2015-07-21 09:20:10', '1', 1),
	(167, '2015-07-21 09:20:10', '2015-07-21 09:20:33', 'CHANGE', 'Users', 'last_logged_in', '2015-07-21 09:20:33', '1', 1),
	(168, '2015-07-21 09:20:33', '2015-07-21 09:20:42', 'CHANGE', 'Users', 'last_logged_in', '2015-07-21 09:20:42', '1', 1),
	(169, '2015-07-21 09:20:42', '2015-07-21 09:20:48', 'CHANGE', 'Users', 'last_logged_in', '2015-07-21 09:20:48', '1', 1),
	(170, '2015-07-20 23:46:13', '2015-07-21 09:25:01', 'CHANGE', 'Users', 'last_logged_in', '2015-07-21 09:25:01', NULL, 2),
	(171, '2015-07-21 09:25:01', '2015-07-22 23:24:30', 'CHANGE', 'Users', 'last_logged_in', '2015-07-22 23:24:31', NULL, 2),
	(172, '2015-07-21 09:20:48', '2015-07-22 23:33:46', 'CHANGE', 'Users', 'last_logged_in', '2015-07-22 23:33:46', NULL, 1),
	(173, '', '', 'CREATE', 'Users', 'N/A', '2015-07-22 23:38:07', '1', 7),
	(174, '', '1', 'SET', 'Users', 'status', '2015-07-22 23:38:07', '1', 7),
	(175, '', 'abc', 'SET', 'Users', 'full_name', '2015-07-22 23:38:07', '1', 7),
	(176, '', 'doan2012@', 'SET', 'Users', 'temp_password', '2015-07-22 23:38:07', '1', 7),
	(177, '', 'a222bc@gmail.com', 'SET', 'Users', 'email', '2015-07-22 23:38:07', '1', 7),
	(178, '', '', 'SET', 'Users', 'phone_public', '2015-07-22 23:38:07', '1', 7),
	(179, '', '', 'SET', 'Users', 'first_name', '2015-07-22 23:38:07', '1', 7),
	(180, '', '3', 'SET', 'Users', 'role_id', '2015-07-22 23:38:07', '1', 7),
	(181, '', '2', 'SET', 'Users', 'application_id', '2015-07-22 23:38:07', '1', 7),
	(182, '', '0746347c26adb409b4ca4687381af05a', 'SET', 'Users', 'password_hash', '2015-07-22 23:38:07', '1', 7),
	(183, '', '685214', 'SET', 'Users', 'verify_code', '2015-07-22 23:38:07', '1', 7),
	(184, '', '7', 'SET', 'Users', 'id', '2015-07-22 23:38:07', '1', 7),
	(185, '', NULL, 'SET', 'Users', 'username', '2015-07-22 23:38:07', '1', 7),
	(186, '', NULL, 'SET', 'Users', 'last_name', '2015-07-22 23:38:07', '1', 7),
	(187, '', NULL, 'SET', 'Users', 'slug', '2015-07-22 23:38:07', '1', 7),
	(188, '', NULL, 'SET', 'Users', 'login_attemp', '2015-07-22 23:38:07', '1', 7),
	(189, '', NULL, 'SET', 'Users', 'created_date', '2015-07-22 23:38:08', '1', 7),
	(190, '', NULL, 'SET', 'Users', 'last_logged_in', '2015-07-22 23:38:08', '1', 7),
	(191, '', NULL, 'SET', 'Users', 'ip_address', '2015-07-22 23:38:08', '1', 7),
	(192, '', NULL, 'SET', 'Users', 'gender', '2015-07-22 23:38:08', '1', 7),
	(193, '', NULL, 'SET', 'Users', 'phone_private', '2015-07-22 23:38:08', '1', 7),
	(194, '', NULL, 'SET', 'Users', 'area_code_id', '2015-07-22 23:38:08', '1', 7),
	(195, '', NULL, 'SET', 'Users', 'address', '2015-07-22 23:38:08', '1', 7),
	(196, '', NULL, 'SET', 'Users', 'skype', '2015-07-22 23:38:08', '1', 7),
	(197, '', NULL, 'SET', 'Users', 'whatapps', '2015-07-22 23:38:08', '1', 7),
	(198, '', NULL, 'SET', 'Users', 'line', '2015-07-22 23:38:08', '1', 7),
	(199, '', NULL, 'SET', 'Users', 'viber', '2015-07-22 23:38:08', '1', 7),
	(200, '', NULL, 'SET', 'Users', 'wechat', '2015-07-22 23:38:08', '1', 7),
	(201, '', '', 'CREATE', 'Users', 'N/A', '2015-07-22 23:40:35', '1', 8),
	(202, '', '1', 'SET', 'Users', 'status', '2015-07-22 23:40:35', '1', 8),
	(203, '', 'full name', 'SET', 'Users', 'full_name', '2015-07-22 23:40:35', '1', 8),
	(204, '', 'doan2012@', 'SET', 'Users', 'temp_password', '2015-07-22 23:40:35', '1', 8),
	(205, '', 'a232@gmail.com', 'SET', 'Users', 'email', '2015-07-22 23:40:35', '1', 8),
	(206, '', '12323', 'SET', 'Users', 'phone_public', '2015-07-22 23:40:35', '1', 8),
	(207, '', 'skype', 'SET', 'Users', 'skype', '2015-07-22 23:40:35', '1', 8),
	(208, '', 'whatapps', 'SET', 'Users', 'whatapps', '2015-07-22 23:40:35', '1', 8),
	(209, '', 'line', 'SET', 'Users', 'line', '2015-07-22 23:40:35', '1', 8),
	(210, '', 'viber', 'SET', 'Users', 'viber', '2015-07-22 23:40:35', '1', 8),
	(211, '', 'wechat', 'SET', 'Users', 'wechat', '2015-07-22 23:40:35', '1', 8),
	(212, '', 'Company Name', 'SET', 'Users', 'first_name', '2015-07-22 23:40:35', '1', 8),
	(213, '', '3', 'SET', 'Users', 'role_id', '2015-07-22 23:40:35', '1', 8),
	(214, '', '2', 'SET', 'Users', 'application_id', '2015-07-22 23:40:35', '1', 8),
	(215, '', '0746347c26adb409b4ca4687381af05a', 'SET', 'Users', 'password_hash', '2015-07-22 23:40:36', '1', 8),
	(216, '', '285229', 'SET', 'Users', 'verify_code', '2015-07-22 23:40:36', '1', 8),
	(217, '', '8', 'SET', 'Users', 'id', '2015-07-22 23:40:36', '1', 8),
	(218, '', NULL, 'SET', 'Users', 'username', '2015-07-22 23:40:36', '1', 8),
	(219, '', NULL, 'SET', 'Users', 'last_name', '2015-07-22 23:40:36', '1', 8),
	(220, '', NULL, 'SET', 'Users', 'slug', '2015-07-22 23:40:36', '1', 8),
	(221, '', NULL, 'SET', 'Users', 'login_attemp', '2015-07-22 23:40:36', '1', 8),
	(222, '', NULL, 'SET', 'Users', 'created_date', '2015-07-22 23:40:36', '1', 8),
	(223, '', NULL, 'SET', 'Users', 'last_logged_in', '2015-07-22 23:40:36', '1', 8),
	(224, '', NULL, 'SET', 'Users', 'ip_address', '2015-07-22 23:40:36', '1', 8),
	(225, '', NULL, 'SET', 'Users', 'gender', '2015-07-22 23:40:36', '1', 8),
	(226, '', NULL, 'SET', 'Users', 'phone_private', '2015-07-22 23:40:36', '1', 8),
	(227, '', NULL, 'SET', 'Users', 'area_code_id', '2015-07-22 23:40:36', '1', 8),
	(228, '', NULL, 'SET', 'Users', 'address', '2015-07-22 23:40:36', '1', 8),
	(229, '0000-00-00 00:00:00', '2015-07-22 23:41:54', 'CHANGE', 'Users', 'last_logged_in', '2015-07-22 23:41:54', '1', 8),
	(230, '', '::1', 'CHANGE', 'Users', 'ip_address', '2015-07-22 23:41:54', '1', 8),
	(231, '2015-07-22 23:41:54', '2015-07-22 23:50:13', 'CHANGE', 'Users', 'last_logged_in', '2015-07-22 23:50:14', NULL, 8),
	(232, 'skype', 'skype22', 'CHANGE', 'Users', 'skype', '2015-07-22 23:54:56', '8', 8),
	(233, '2015-07-22 23:24:30', '2015-07-23 00:52:09', 'CHANGE', 'Users', 'last_logged_in', '2015-07-23 00:52:09', NULL, 2),
	(234, NULL, '1437584284_8_ab.jpg', 'CHANGE', 'Users', 'image', '2015-07-23 00:58:04', '8', 8),
	(235, '1437584284_8_ab.jpg', '1437584348_8_ab.jpg', 'CHANGE', 'Users', 'image', '2015-07-23 00:59:08', '8', 8),
	(236, '1437584348_8_ab.jpg', '1437584679_8_ab.jpg', 'CHANGE', 'Users', 'image', '2015-07-23 01:04:39', '8', 8),
	(237, '', '', 'CREATE', 'Users', 'N/A', '2015-07-23 01:28:51', NULL, 9),
	(238, '', '0', 'SET', 'Users', 'is_img_active', '2015-07-23 01:28:51', NULL, 9),
	(239, '', '1', 'SET', 'Users', 'status', '2015-07-23 01:28:51', NULL, 9),
	(240, '', 'test', 'SET', 'Users', 'full_name', '2015-07-23 01:28:52', NULL, 9),
	(241, '', 'doan2012@', 'SET', 'Users', 'temp_password', '2015-07-23 01:28:52', NULL, 9),
	(242, '', 'abcz@gmail.com', 'SET', 'Users', 'email', '2015-07-23 01:28:52', NULL, 9),
	(243, '', '232223', 'SET', 'Users', 'phone_public', '2015-07-23 01:28:52', NULL, 9),
	(244, '', '', 'SET', 'Users', 'skype', '2015-07-23 01:28:52', NULL, 9),
	(245, '', '', 'SET', 'Users', 'whatapps', '2015-07-23 01:28:52', NULL, 9),
	(246, '', '', 'SET', 'Users', 'line', '2015-07-23 01:28:52', NULL, 9),
	(247, '', '', 'SET', 'Users', 'viber', '2015-07-23 01:28:52', NULL, 9),
	(248, '', '', 'SET', 'Users', 'wechat', '2015-07-23 01:28:52', NULL, 9),
	(249, '', 'abc', 'SET', 'Users', 'first_name', '2015-07-23 01:28:52', NULL, 9),
	(250, '', '3', 'SET', 'Users', 'role_id', '2015-07-23 01:28:52', NULL, 9),
	(251, '', '2', 'SET', 'Users', 'application_id', '2015-07-23 01:28:52', NULL, 9),
	(252, '', '0746347c26adb409b4ca4687381af05a', 'SET', 'Users', 'password_hash', '2015-07-23 01:28:52', NULL, 9),
	(253, '', '324560', 'SET', 'Users', 'verify_code', '2015-07-23 01:28:52', NULL, 9),
	(254, '', '9', 'SET', 'Users', 'id', '2015-07-23 01:28:52', NULL, 9),
	(255, '', NULL, 'SET', 'Users', 'image', '2015-07-23 01:28:52', NULL, 9),
	(256, '', NULL, 'SET', 'Users', 'username', '2015-07-23 01:28:52', NULL, 9),
	(257, '', NULL, 'SET', 'Users', 'last_name', '2015-07-23 01:28:53', NULL, 9),
	(258, '', NULL, 'SET', 'Users', 'slug', '2015-07-23 01:28:53', NULL, 9),
	(259, '', NULL, 'SET', 'Users', 'login_attemp', '2015-07-23 01:28:53', NULL, 9),
	(260, '', NULL, 'SET', 'Users', 'created_date', '2015-07-23 01:28:53', NULL, 9),
	(261, '', NULL, 'SET', 'Users', 'last_logged_in', '2015-07-23 01:28:53', NULL, 9),
	(262, '', NULL, 'SET', 'Users', 'ip_address', '2015-07-23 01:28:53', NULL, 9),
	(263, '', NULL, 'SET', 'Users', 'gender', '2015-07-23 01:28:53', NULL, 9),
	(264, '', NULL, 'SET', 'Users', 'phone_private', '2015-07-23 01:28:53', NULL, 9),
	(265, '', NULL, 'SET', 'Users', 'area_code_id', '2015-07-23 01:28:53', NULL, 9),
	(266, '', NULL, 'SET', 'Users', 'address', '2015-07-23 01:28:53', NULL, 9),
	(267, '', '', 'CREATE', 'Users', 'N/A', '2015-07-23 01:32:54', NULL, 10),
	(268, '', '0', 'SET', 'Users', 'is_img_active', '2015-07-23 01:32:54', NULL, 10),
	(269, '', '1', 'SET', 'Users', 'status', '2015-07-23 01:32:54', NULL, 10),
	(270, '', 'newtest', 'SET', 'Users', 'full_name', '2015-07-23 01:32:54', NULL, 10),
	(271, '', 'doan2012@', 'SET', 'Users', 'temp_password', '2015-07-23 01:32:54', NULL, 10),
	(272, '', 'azz2@gmail.com', 'SET', 'Users', 'email', '2015-07-23 01:32:54', NULL, 10),
	(273, '', '2232', 'SET', 'Users', 'phone_public', '2015-07-23 01:32:54', NULL, 10),
	(274, '', '', 'SET', 'Users', 'skype', '2015-07-23 01:32:54', NULL, 10),
	(275, '', '', 'SET', 'Users', 'whatapps', '2015-07-23 01:32:54', NULL, 10),
	(276, '', '', 'SET', 'Users', 'line', '2015-07-23 01:32:54', NULL, 10),
	(277, '', '', 'SET', 'Users', 'viber', '2015-07-23 01:32:54', NULL, 10),
	(278, '', '', 'SET', 'Users', 'wechat', '2015-07-23 01:32:54', NULL, 10),
	(279, '', 'new', 'SET', 'Users', 'first_name', '2015-07-23 01:32:54', NULL, 10),
	(280, '', '3', 'SET', 'Users', 'role_id', '2015-07-23 01:32:55', NULL, 10),
	(281, '', '2', 'SET', 'Users', 'application_id', '2015-07-23 01:32:55', NULL, 10),
	(282, '', '0746347c26adb409b4ca4687381af05a', 'SET', 'Users', 'password_hash', '2015-07-23 01:32:55', NULL, 10),
	(283, '', '841165', 'SET', 'Users', 'verify_code', '2015-07-23 01:32:55', NULL, 10),
	(284, '', '10', 'SET', 'Users', 'id', '2015-07-23 01:32:55', NULL, 10),
	(285, '', NULL, 'SET', 'Users', 'image', '2015-07-23 01:32:55', NULL, 10),
	(286, '', NULL, 'SET', 'Users', 'username', '2015-07-23 01:32:55', NULL, 10),
	(287, '', NULL, 'SET', 'Users', 'last_name', '2015-07-23 01:32:55', NULL, 10),
	(288, '', NULL, 'SET', 'Users', 'slug', '2015-07-23 01:32:55', NULL, 10),
	(289, '', NULL, 'SET', 'Users', 'login_attemp', '2015-07-23 01:32:55', NULL, 10),
	(290, '', NULL, 'SET', 'Users', 'created_date', '2015-07-23 01:32:55', NULL, 10),
	(291, '', NULL, 'SET', 'Users', 'last_logged_in', '2015-07-23 01:32:55', NULL, 10),
	(292, '', NULL, 'SET', 'Users', 'ip_address', '2015-07-23 01:32:55', NULL, 10),
	(293, '', NULL, 'SET', 'Users', 'gender', '2015-07-23 01:32:55', NULL, 10),
	(294, '', NULL, 'SET', 'Users', 'phone_private', '2015-07-23 01:32:55', NULL, 10),
	(295, '', NULL, 'SET', 'Users', 'area_code_id', '2015-07-23 01:32:55', NULL, 10),
	(296, '', NULL, 'SET', 'Users', 'address', '2015-07-23 01:32:55', NULL, 10),
	(297, '', '', 'CREATE', 'Users', 'N/A', '2015-07-23 01:33:51', NULL, 11),
	(298, '', '0', 'SET', 'Users', 'is_img_active', '2015-07-23 01:33:51', NULL, 11),
	(299, '', '1', 'SET', 'Users', 'status', '2015-07-23 01:33:52', NULL, 11),
	(300, '', 'full name', 'SET', 'Users', 'full_name', '2015-07-23 01:33:52', NULL, 11),
	(301, '', 'doan2012@', 'SET', 'Users', 'temp_password', '2015-07-23 01:33:52', NULL, 11),
	(302, '', 'zzz@gmail.com', 'SET', 'Users', 'email', '2015-07-23 01:33:52', NULL, 11),
	(303, '', '', 'SET', 'Users', 'phone_public', '2015-07-23 01:33:52', NULL, 11),
	(304, '', '', 'SET', 'Users', 'skype', '2015-07-23 01:33:52', NULL, 11),
	(305, '', '', 'SET', 'Users', 'whatapps', '2015-07-23 01:33:52', NULL, 11),
	(306, '', '', 'SET', 'Users', 'line', '2015-07-23 01:33:52', NULL, 11),
	(307, '', '', 'SET', 'Users', 'viber', '2015-07-23 01:33:52', NULL, 11),
	(308, '', '', 'SET', 'Users', 'wechat', '2015-07-23 01:33:52', NULL, 11),
	(309, '', 'zzz', 'SET', 'Users', 'first_name', '2015-07-23 01:33:52', NULL, 11),
	(310, '', '3', 'SET', 'Users', 'role_id', '2015-07-23 01:33:52', NULL, 11),
	(311, '', '2', 'SET', 'Users', 'application_id', '2015-07-23 01:33:52', NULL, 11),
	(312, '', '0746347c26adb409b4ca4687381af05a', 'SET', 'Users', 'password_hash', '2015-07-23 01:33:52', NULL, 11),
	(313, '', '212005', 'SET', 'Users', 'verify_code', '2015-07-23 01:33:52', NULL, 11),
	(314, '', '11', 'SET', 'Users', 'id', '2015-07-23 01:33:52', NULL, 11),
	(315, '', NULL, 'SET', 'Users', 'image', '2015-07-23 01:33:52', NULL, 11),
	(316, '', NULL, 'SET', 'Users', 'username', '2015-07-23 01:33:52', NULL, 11),
	(317, '', NULL, 'SET', 'Users', 'last_name', '2015-07-23 01:33:52', NULL, 11),
	(318, '', NULL, 'SET', 'Users', 'slug', '2015-07-23 01:33:53', NULL, 11),
	(319, '', NULL, 'SET', 'Users', 'login_attemp', '2015-07-23 01:33:53', NULL, 11),
	(320, '', NULL, 'SET', 'Users', 'created_date', '2015-07-23 01:33:53', NULL, 11),
	(321, '', NULL, 'SET', 'Users', 'last_logged_in', '2015-07-23 01:33:53', NULL, 11),
	(322, '', NULL, 'SET', 'Users', 'ip_address', '2015-07-23 01:33:53', NULL, 11),
	(323, '', NULL, 'SET', 'Users', 'gender', '2015-07-23 01:33:53', NULL, 11),
	(324, '', NULL, 'SET', 'Users', 'phone_private', '2015-07-23 01:33:53', NULL, 11),
	(325, '', NULL, 'SET', 'Users', 'area_code_id', '2015-07-23 01:33:53', NULL, 11),
	(326, '', NULL, 'SET', 'Users', 'address', '2015-07-23 01:33:53', NULL, 11),
	(327, '0000-00-00 00:00:00', '2015-07-23 01:34:18', 'CHANGE', 'Users', 'last_logged_in', '2015-07-23 01:34:18', NULL, 11),
	(328, '', '::1', 'CHANGE', 'Users', 'ip_address', '2015-07-23 01:34:18', NULL, 11),
	(329, '', '22322', 'CHANGE', 'Users', 'phone_public', '2015-07-23 01:49:05', '11', 11),
	(330, '2015-07-23 00:52:09', '2015-07-23 01:51:49', 'CHANGE', 'Users', 'last_logged_in', '2015-07-23 01:51:49', NULL, 2),
	(331, '2015-07-22 23:50:13', '2015-07-23 02:03:11', 'CHANGE', 'Users', 'last_logged_in', '2015-07-23 02:03:11', NULL, 8),
	(332, '2015-07-23 01:51:49', '2015-07-23 02:05:47', 'CHANGE', 'Users', 'last_logged_in', '2015-07-23 02:05:47', NULL, 2),
	(333, '2015-07-23 02:03:11', '2015-07-23 02:06:32', 'CHANGE', 'Users', 'last_logged_in', '2015-07-23 02:06:32', NULL, 8),
	(334, '2015-07-23 01:34:18', '2015-07-23 02:32:08', 'CHANGE', 'Users', 'last_logged_in', '2015-07-23 02:32:08', NULL, 11),
	(335, '', '', 'CREATE', 'Users', 'N/A', '2015-07-23 23:18:05', NULL, 12),
	(336, '', '0', 'SET', 'Users', 'is_img_active', '2015-07-23 23:18:05', NULL, 12),
	(337, '', '1', 'SET', 'Users', 'status', '2015-07-23 23:18:05', NULL, 12),
	(338, '', 'sdf', 'SET', 'Users', 'full_name', '2015-07-23 23:18:05', NULL, 12),
	(339, '', 'doan2012@', 'SET', 'Users', 'temp_password', '2015-07-23 23:18:05', NULL, 12),
	(340, '', 'sdf@gmail.com', 'SET', 'Users', 'email', '2015-07-23 23:18:05', NULL, 12),
	(341, '', '223', 'SET', 'Users', 'phone_public', '2015-07-23 23:18:05', NULL, 12),
	(342, '', '', 'SET', 'Users', 'skype', '2015-07-23 23:18:05', NULL, 12),
	(343, '', '', 'SET', 'Users', 'whatapps', '2015-07-23 23:18:05', NULL, 12),
	(344, '', '', 'SET', 'Users', 'line', '2015-07-23 23:18:05', NULL, 12),
	(345, '', '', 'SET', 'Users', 'viber', '2015-07-23 23:18:05', NULL, 12),
	(346, '', '', 'SET', 'Users', 'wechat', '2015-07-23 23:18:06', NULL, 12),
	(347, '', 'abc', 'SET', 'Users', 'first_name', '2015-07-23 23:18:06', NULL, 12),
	(348, '', '3', 'SET', 'Users', 'role_id', '2015-07-23 23:18:06', NULL, 12),
	(349, '', '2', 'SET', 'Users', 'application_id', '2015-07-23 23:18:06', NULL, 12),
	(350, '', '0746347c26adb409b4ca4687381af05a', 'SET', 'Users', 'password_hash', '2015-07-23 23:18:06', NULL, 12),
	(351, '', '179486', 'SET', 'Users', 'verify_code', '2015-07-23 23:18:06', NULL, 12),
	(352, '', '12', 'SET', 'Users', 'id', '2015-07-23 23:18:06', NULL, 12),
	(353, '', NULL, 'SET', 'Users', 'image', '2015-07-23 23:18:06', NULL, 12),
	(354, '', NULL, 'SET', 'Users', 'username', '2015-07-23 23:18:06', NULL, 12),
	(355, '', NULL, 'SET', 'Users', 'last_name', '2015-07-23 23:18:06', NULL, 12),
	(356, '', NULL, 'SET', 'Users', 'slug', '2015-07-23 23:18:06', NULL, 12),
	(357, '', NULL, 'SET', 'Users', 'login_attemp', '2015-07-23 23:18:06', NULL, 12),
	(358, '', NULL, 'SET', 'Users', 'created_date', '2015-07-23 23:18:06', NULL, 12),
	(359, '', NULL, 'SET', 'Users', 'last_logged_in', '2015-07-23 23:18:06', NULL, 12),
	(360, '', NULL, 'SET', 'Users', 'ip_address', '2015-07-23 23:18:06', NULL, 12),
	(361, '', NULL, 'SET', 'Users', 'gender', '2015-07-23 23:18:06', NULL, 12),
	(362, '', NULL, 'SET', 'Users', 'phone_private', '2015-07-23 23:18:07', NULL, 12),
	(363, '', NULL, 'SET', 'Users', 'area_code_id', '2015-07-23 23:18:07', NULL, 12),
	(364, '', NULL, 'SET', 'Users', 'address', '2015-07-23 23:18:07', NULL, 12),
	(365, '2015-07-23 02:06:32', '2015-07-23 23:18:17', 'CHANGE', 'Users', 'last_logged_in', '2015-07-23 23:18:17', NULL, 8),
	(366, '2015-07-22 23:33:46', '2015-07-24 00:34:49', 'CHANGE', 'Users', 'last_logged_in', '2015-07-24 00:34:49', NULL, 1),
	(367, '', '', 'CREATE', 'Users', 'N/A', '2015-07-24 21:59:14', NULL, 13),
	(368, '', '0', 'SET', 'Users', 'is_img_active', '2015-07-24 21:59:14', NULL, 13),
	(369, '', '1', 'SET', 'Users', 'status', '2015-07-24 21:59:14', NULL, 13),
	(370, '', 'ssdf', 'SET', 'Users', 'full_name', '2015-07-24 21:59:14', NULL, 13),
	(371, '', 'doan2012@', 'SET', 'Users', 'temp_password', '2015-07-24 21:59:14', NULL, 13),
	(372, '', 'sss@gmail.com', 'SET', 'Users', 'email', '2015-07-24 21:59:14', NULL, 13),
	(373, '', '', 'SET', 'Users', 'phone_public', '2015-07-24 21:59:14', NULL, 13),
	(374, '', '', 'SET', 'Users', 'skype', '2015-07-24 21:59:14', NULL, 13),
	(375, '', '', 'SET', 'Users', 'whatapps', '2015-07-24 21:59:14', NULL, 13),
	(376, '', '', 'SET', 'Users', 'line', '2015-07-24 21:59:15', NULL, 13),
	(377, '', '', 'SET', 'Users', 'viber', '2015-07-24 21:59:15', NULL, 13),
	(378, '', '', 'SET', 'Users', 'wechat', '2015-07-24 21:59:15', NULL, 13),
	(379, '', '3', 'SET', 'Users', 'role_id', '2015-07-24 21:59:15', NULL, 13),
	(380, '', '2', 'SET', 'Users', 'application_id', '2015-07-24 21:59:15', NULL, 13),
	(381, '', '0746347c26adb409b4ca4687381af05a', 'SET', 'Users', 'password_hash', '2015-07-24 21:59:15', NULL, 13),
	(382, '', '747507', 'SET', 'Users', 'verify_code', '2015-07-24 21:59:15', NULL, 13),
	(383, '', '13', 'SET', 'Users', 'id', '2015-07-24 21:59:15', NULL, 13),
	(384, '', NULL, 'SET', 'Users', 'image', '2015-07-24 21:59:15', NULL, 13),
	(385, '', NULL, 'SET', 'Users', 'username', '2015-07-24 21:59:15', NULL, 13),
	(386, '', NULL, 'SET', 'Users', 'first_name', '2015-07-24 21:59:15', NULL, 13),
	(387, '', NULL, 'SET', 'Users', 'last_name', '2015-07-24 21:59:15', NULL, 13),
	(388, '', NULL, 'SET', 'Users', 'slug', '2015-07-24 21:59:15', NULL, 13),
	(389, '', NULL, 'SET', 'Users', 'login_attemp', '2015-07-24 21:59:15', NULL, 13),
	(390, '', NULL, 'SET', 'Users', 'created_date', '2015-07-24 21:59:15', NULL, 13),
	(391, '', NULL, 'SET', 'Users', 'last_logged_in', '2015-07-24 21:59:15', NULL, 13),
	(392, '', NULL, 'SET', 'Users', 'ip_address', '2015-07-24 21:59:15', NULL, 13),
	(393, '', NULL, 'SET', 'Users', 'gender', '2015-07-24 21:59:15', NULL, 13),
	(394, '', NULL, 'SET', 'Users', 'phone_private', '2015-07-24 21:59:15', NULL, 13),
	(395, '', NULL, 'SET', 'Users', 'area_code_id', '2015-07-24 21:59:15', NULL, 13),
	(396, '', NULL, 'SET', 'Users', 'address', '2015-07-24 21:59:15', NULL, 13),
	(397, '', '', 'CREATE', 'Users', 'N/A', '2015-07-24 22:26:17', NULL, 14),
	(398, '', '0', 'SET', 'Users', 'is_img_active', '2015-07-24 22:26:17', NULL, 14),
	(399, '', '1', 'SET', 'Users', 'status', '2015-07-24 22:26:17', NULL, 14),
	(400, '', 'zzz', 'SET', 'Users', 'full_name', '2015-07-24 22:26:17', NULL, 14),
	(401, '', 'doan2012@', 'SET', 'Users', 'temp_password', '2015-07-24 22:26:17', NULL, 14),
	(402, '', 'sdssf@gmail.com', 'SET', 'Users', 'email', '2015-07-24 22:26:17', NULL, 14),
	(403, '', '', 'SET', 'Users', 'phone_public', '2015-07-24 22:26:17', NULL, 14),
	(404, '', '', 'SET', 'Users', 'skype', '2015-07-24 22:26:17', NULL, 14),
	(405, '', '', 'SET', 'Users', 'whatapps', '2015-07-24 22:26:17', NULL, 14),
	(406, '', '', 'SET', 'Users', 'line', '2015-07-24 22:26:17', NULL, 14),
	(407, '', '', 'SET', 'Users', 'viber', '2015-07-24 22:26:17', NULL, 14),
	(408, '', '', 'SET', 'Users', 'wechat', '2015-07-24 22:26:17', NULL, 14),
	(409, '', '3', 'SET', 'Users', 'role_id', '2015-07-24 22:26:18', NULL, 14),
	(410, '', '2', 'SET', 'Users', 'application_id', '2015-07-24 22:26:18', NULL, 14),
	(411, '', '0746347c26adb409b4ca4687381af05a', 'SET', 'Users', 'password_hash', '2015-07-24 22:26:18', NULL, 14),
	(412, '', '831360', 'SET', 'Users', 'verify_code', '2015-07-24 22:26:18', NULL, 14),
	(413, '', '14', 'SET', 'Users', 'id', '2015-07-24 22:26:18', NULL, 14),
	(414, '', NULL, 'SET', 'Users', 'image', '2015-07-24 22:26:18', NULL, 14),
	(415, '', NULL, 'SET', 'Users', 'username', '2015-07-24 22:26:18', NULL, 14),
	(416, '', NULL, 'SET', 'Users', 'first_name', '2015-07-24 22:26:18', NULL, 14),
	(417, '', NULL, 'SET', 'Users', 'last_name', '2015-07-24 22:26:18', NULL, 14),
	(418, '', NULL, 'SET', 'Users', 'slug', '2015-07-24 22:26:18', NULL, 14),
	(419, '', NULL, 'SET', 'Users', 'login_attemp', '2015-07-24 22:26:18', NULL, 14),
	(420, '', NULL, 'SET', 'Users', 'created_date', '2015-07-24 22:26:18', NULL, 14),
	(421, '', NULL, 'SET', 'Users', 'last_logged_in', '2015-07-24 22:26:18', NULL, 14),
	(422, '', NULL, 'SET', 'Users', 'ip_address', '2015-07-24 22:26:18', NULL, 14),
	(423, '', NULL, 'SET', 'Users', 'gender', '2015-07-24 22:26:18', NULL, 14),
	(424, '', NULL, 'SET', 'Users', 'phone_private', '2015-07-24 22:26:19', NULL, 14),
	(425, '', NULL, 'SET', 'Users', 'area_code_id', '2015-07-24 22:26:19', NULL, 14),
	(426, '', NULL, 'SET', 'Users', 'address', '2015-07-24 22:26:19', NULL, 14),
	(427, '', '', 'CREATE', 'Users', 'N/A', '2015-07-25 01:58:42', NULL, 15),
	(428, '', '0', 'SET', 'Users', 'is_img_active', '2015-07-25 01:58:42', NULL, 15),
	(429, '', '1', 'SET', 'Users', 'status', '2015-07-25 01:58:42', NULL, 15),
	(430, '', 'full name', 'SET', 'Users', 'full_name', '2015-07-25 01:58:42', NULL, 15),
	(431, '', 'doan2012@', 'SET', 'Users', 'temp_password', '2015-07-25 01:58:43', NULL, 15),
	(432, '', 'misdf@gmail.com', 'SET', 'Users', 'email', '2015-07-25 01:58:43', NULL, 15),
	(433, '', '', 'SET', 'Users', 'phone_public', '2015-07-25 01:58:43', NULL, 15),
	(434, '', '', 'SET', 'Users', 'skype', '2015-07-25 01:58:43', NULL, 15),
	(435, '', '', 'SET', 'Users', 'whatapps', '2015-07-25 01:58:43', NULL, 15),
	(436, '', '', 'SET', 'Users', 'line', '2015-07-25 01:58:43', NULL, 15),
	(437, '', '', 'SET', 'Users', 'viber', '2015-07-25 01:58:43', NULL, 15),
	(438, '', '', 'SET', 'Users', 'wechat', '2015-07-25 01:58:43', NULL, 15),
	(439, '', '3', 'SET', 'Users', 'role_id', '2015-07-25 01:58:44', NULL, 15),
	(440, '', '2', 'SET', 'Users', 'application_id', '2015-07-25 01:58:44', NULL, 15),
	(441, '', '0746347c26adb409b4ca4687381af05a', 'SET', 'Users', 'password_hash', '2015-07-25 01:58:44', NULL, 15),
	(442, '', '596225', 'SET', 'Users', 'verify_code', '2015-07-25 01:58:44', NULL, 15),
	(443, '', '15', 'SET', 'Users', 'id', '2015-07-25 01:58:44', NULL, 15),
	(444, '', NULL, 'SET', 'Users', 'image', '2015-07-25 01:58:44', NULL, 15),
	(445, '', NULL, 'SET', 'Users', 'username', '2015-07-25 01:58:44', NULL, 15),
	(446, '', NULL, 'SET', 'Users', 'first_name', '2015-07-25 01:58:44', NULL, 15),
	(447, '', NULL, 'SET', 'Users', 'last_name', '2015-07-25 01:58:45', NULL, 15),
	(448, '', NULL, 'SET', 'Users', 'slug', '2015-07-25 01:58:45', NULL, 15),
	(449, '', NULL, 'SET', 'Users', 'login_attemp', '2015-07-25 01:58:45', NULL, 15),
	(450, '', NULL, 'SET', 'Users', 'created_date', '2015-07-25 01:58:45', NULL, 15),
	(451, '', NULL, 'SET', 'Users', 'last_logged_in', '2015-07-25 01:58:45', NULL, 15),
	(452, '', NULL, 'SET', 'Users', 'ip_address', '2015-07-25 01:58:45', NULL, 15),
	(453, '', NULL, 'SET', 'Users', 'gender', '2015-07-25 01:58:45', NULL, 15),
	(454, '', NULL, 'SET', 'Users', 'phone_private', '2015-07-25 01:58:45', NULL, 15),
	(455, '', NULL, 'SET', 'Users', 'area_code_id', '2015-07-25 01:58:45', NULL, 15),
	(456, '', NULL, 'SET', 'Users', 'address', '2015-07-25 01:58:45', NULL, 15),
	(457, '0000-00-00 00:00:00', '2015-07-25 01:59:10', 'CHANGE', 'Users', 'last_logged_in', '2015-07-25 01:59:10', NULL, 15),
	(458, '', '::1', 'CHANGE', 'Users', 'ip_address', '2015-07-25 01:59:10', NULL, 15),
	(459, '', '', 'CREATE', 'Users', 'N/A', '2015-07-25 02:03:11', NULL, 16),
	(460, '', '0', 'SET', 'Users', 'is_img_active', '2015-07-25 02:03:11', NULL, 16),
	(461, '', '1', 'SET', 'Users', 'status', '2015-07-25 02:03:11', NULL, 16),
	(462, '', 'full name 2', 'SET', 'Users', 'full_name', '2015-07-25 02:03:11', NULL, 16),
	(463, '', 'doan2012@', 'SET', 'Users', 'temp_password', '2015-07-25 02:03:11', NULL, 16),
	(464, '', 'abcz22@gmail.com', 'SET', 'Users', 'email', '2015-07-25 02:03:11', NULL, 16),
	(465, '', '', 'SET', 'Users', 'phone_public', '2015-07-25 02:03:12', NULL, 16),
	(466, '', '', 'SET', 'Users', 'skype', '2015-07-25 02:03:12', NULL, 16),
	(467, '', '', 'SET', 'Users', 'whatapps', '2015-07-25 02:03:12', NULL, 16),
	(468, '', '', 'SET', 'Users', 'line', '2015-07-25 02:03:12', NULL, 16),
	(469, '', '', 'SET', 'Users', 'viber', '2015-07-25 02:03:12', NULL, 16),
	(470, '', '', 'SET', 'Users', 'wechat', '2015-07-25 02:03:12', NULL, 16),
	(471, '', '3', 'SET', 'Users', 'role_id', '2015-07-25 02:03:12', NULL, 16),
	(472, '', '2', 'SET', 'Users', 'application_id', '2015-07-25 02:03:12', NULL, 16),
	(473, '', '0746347c26adb409b4ca4687381af05a', 'SET', 'Users', 'password_hash', '2015-07-25 02:03:12', NULL, 16),
	(474, '', '451041', 'SET', 'Users', 'verify_code', '2015-07-25 02:03:12', NULL, 16),
	(475, '', '16', 'SET', 'Users', 'id', '2015-07-25 02:03:12', NULL, 16),
	(476, '', NULL, 'SET', 'Users', 'image', '2015-07-25 02:03:12', NULL, 16),
	(477, '', NULL, 'SET', 'Users', 'username', '2015-07-25 02:03:12', NULL, 16),
	(478, '', NULL, 'SET', 'Users', 'first_name', '2015-07-25 02:03:12', NULL, 16),
	(479, '', NULL, 'SET', 'Users', 'last_name', '2015-07-25 02:03:12', NULL, 16),
	(480, '', NULL, 'SET', 'Users', 'slug', '2015-07-25 02:03:13', NULL, 16),
	(481, '', NULL, 'SET', 'Users', 'login_attemp', '2015-07-25 02:03:13', NULL, 16),
	(482, '', NULL, 'SET', 'Users', 'created_date', '2015-07-25 02:03:13', NULL, 16),
	(483, '', NULL, 'SET', 'Users', 'last_logged_in', '2015-07-25 02:03:13', NULL, 16),
	(484, '', NULL, 'SET', 'Users', 'ip_address', '2015-07-25 02:03:13', NULL, 16),
	(485, '', NULL, 'SET', 'Users', 'gender', '2015-07-25 02:03:13', NULL, 16),
	(486, '', NULL, 'SET', 'Users', 'phone_private', '2015-07-25 02:03:13', NULL, 16),
	(487, '', NULL, 'SET', 'Users', 'area_code_id', '2015-07-25 02:03:13', NULL, 16),
	(488, '', NULL, 'SET', 'Users', 'address', '2015-07-25 02:03:13', NULL, 16),
	(489, '0000-00-00 00:00:00', '2015-07-25 02:03:34', 'CHANGE', 'Users', 'last_logged_in', '2015-07-25 02:03:34', NULL, 16),
	(490, '', '::1', 'CHANGE', 'Users', 'ip_address', '2015-07-25 02:03:34', NULL, 16),
	(491, '2015-07-24 00:34:49', '2015-07-26 22:59:20', 'CHANGE', 'Users', 'last_logged_in', '2015-07-26 22:59:20', NULL, 1),
	(492, '2015-07-26 22:59:20', '2015-07-26 23:03:14', 'CHANGE', 'Users', 'last_logged_in', '2015-07-26 23:03:15', NULL, 1),
	(493, '2015-07-26 23:03:14', '2015-07-26 23:07:18', 'CHANGE', 'Users', 'last_logged_in', '2015-07-26 23:07:18', NULL, 1),
	(494, '2015-07-26 23:07:18', '2015-07-26 23:09:31', 'CHANGE', 'Users', 'last_logged_in', '2015-07-26 23:09:31', NULL, 1),
	(495, '0', '1', 'CHANGE', 'Users', 'login_attemp', '2015-07-26 23:12:52', '1', 1),
	(496, '1', '0', 'CHANGE', 'Users', 'login_attemp', '2015-07-26 23:13:03', '1', 1),
	(497, '2015-07-26 23:09:31', '2015-07-26 23:13:03', 'CHANGE', 'Users', 'last_logged_in', '2015-07-26 23:13:03', '1', 1),
	(498, '0', '1', 'CHANGE', 'Users', 'login_attemp', '2015-07-26 23:13:42', NULL, 1),
	(499, '1', '2', 'CHANGE', 'Users', 'login_attemp', '2015-07-26 23:13:46', NULL, 1),
	(500, '2', '0', 'CHANGE', 'Users', 'login_attemp', '2015-07-26 23:13:49', NULL, 1),
	(501, '2015-07-26 23:13:03', '2015-07-26 23:13:49', 'CHANGE', 'Users', 'last_logged_in', '2015-07-26 23:13:50', NULL, 1),
	(502, '0', '1', 'CHANGE', 'Users', 'login_attemp', '2015-07-26 23:23:52', NULL, 12),
	(503, '1', '2', 'CHANGE', 'Users', 'login_attemp', '2015-07-26 23:23:56', NULL, 12),
	(504, '2', '3', 'CHANGE', 'Users', 'login_attemp', '2015-07-26 23:24:00', NULL, 12),
	(505, '0', '1', 'CHANGE', 'Users', 'login_attemp', '2015-07-26 23:24:25', NULL, 15),
	(506, '1', '0', 'CHANGE', 'Users', 'login_attemp', '2015-07-26 23:24:41', NULL, 15),
	(507, '2015-07-25 01:59:10', '2015-07-26 23:24:40', 'CHANGE', 'Users', 'last_logged_in', '2015-07-26 23:24:41', NULL, 15),
	(508, '2015-07-26 23:24:40', '2015-07-26 23:37:37', 'CHANGE', 'Users', 'last_logged_in', '2015-07-26 23:37:37', '15', 15),
	(509, '0', '1', 'CHANGE', 'Users', 'login_attemp', '2015-07-26 23:38:36', NULL, 11),
	(510, '1', '2', 'CHANGE', 'Users', 'login_attemp', '2015-07-26 23:38:38', NULL, 11),
	(511, '2', '3', 'CHANGE', 'Users', 'login_attemp', '2015-07-26 23:38:40', NULL, 11),
	(512, '3', '4', 'CHANGE', 'Users', 'login_attemp', '2015-07-26 23:38:50', NULL, 11),
	(513, '0', '1', 'CHANGE', 'Users', 'login_attemp', '2015-07-26 23:39:03', NULL, 16),
	(514, '1', '2', 'CHANGE', 'Users', 'login_attemp', '2015-07-26 23:39:15', NULL, 16),
	(515, '2', '0', 'CHANGE', 'Users', 'login_attemp', '2015-07-26 23:39:20', NULL, 16),
	(516, '2015-07-25 02:03:34', '2015-07-26 23:39:20', 'CHANGE', 'Users', 'last_logged_in', '2015-07-26 23:39:20', NULL, 16),
	(517, '2015-07-26 23:39:20', '2015-07-26 23:39:36', 'CHANGE', 'Users', 'last_logged_in', '2015-07-26 23:39:36', '16', 16),
	(518, '2015-07-26 23:39:36', '2015-07-26 23:39:51', 'CHANGE', 'Users', 'last_logged_in', '2015-07-26 23:39:51', '16', 16),
	(519, '2015-07-26 23:13:49', '2015-07-26 23:45:44', 'CHANGE', 'Users', 'last_logged_in', '2015-07-26 23:45:44', NULL, 1),
	(520, '2015-07-26 23:45:44', '2015-07-26 23:46:15', 'CHANGE', 'Users', 'last_logged_in', '2015-07-26 23:46:15', NULL, 1),
	(521, '2015-07-26 23:46:15', '2015-07-26 23:46:32', 'CHANGE', 'Users', 'last_logged_in', '2015-07-26 23:46:32', NULL, 1),
	(522, '2015-07-26 23:46:32', '2015-07-26 23:46:59', 'CHANGE', 'Users', 'last_logged_in', '2015-07-26 23:46:59', NULL, 1),
	(523, '2015-07-26 23:46:59', '2015-07-26 23:47:13', 'CHANGE', 'Users', 'last_logged_in', '2015-07-26 23:47:13', '1', 1),
	(524, '2015-07-26 23:47:13', '2015-07-26 23:49:15', 'CHANGE', 'Users', 'last_logged_in', '2015-07-26 23:49:16', '1', 1),
	(525, '2015-07-26 23:39:51', '2015-07-27 00:51:27', 'CHANGE', 'Users', 'last_logged_in', '2015-07-27 00:51:27', NULL, 16),
	(526, '2015-07-26 23:49:15', '2015-07-27 00:52:31', 'CHANGE', 'Users', 'last_logged_in', '2015-07-27 00:52:31', NULL, 1),
	(527, '2015-07-27 00:52:31', '2015-07-27 23:48:46', 'CHANGE', 'Users', 'last_logged_in', '2015-07-27 23:48:46', NULL, 1),
	(528, '', '', 'CREATE', 'Users', 'N/A', '2015-07-28 00:20:28', NULL, 17),
	(529, '', '0', 'SET', 'Users', 'is_img_active', '2015-07-28 00:20:28', NULL, 17),
	(530, '', '1', 'SET', 'Users', 'status', '2015-07-28 00:20:28', NULL, 17),
	(531, '', 'thanh binh', 'SET', 'Users', 'full_name', '2015-07-28 00:20:28', NULL, 17),
	(532, '', 'doan2012@', 'SET', 'Users', 'temp_password', '2015-07-28 00:20:28', NULL, 17),
	(533, '', 'mind3f@gmail.com', 'SET', 'Users', 'email', '2015-07-28 00:20:28', NULL, 17),
	(534, '', '0122322322', 'SET', 'Users', 'phone_public', '2015-07-28 00:20:28', NULL, 17),
	(535, '', 'mind3f', 'SET', 'Users', 'skype', '2015-07-28 00:20:28', NULL, 17),
	(536, '', 'whatapps', 'SET', 'Users', 'whatapps', '2015-07-28 00:20:28', NULL, 17),
	(537, '', 'line', 'SET', 'Users', 'line', '2015-07-28 00:20:28', NULL, 17),
	(538, '', 'viber', 'SET', 'Users', 'viber', '2015-07-28 00:20:28', NULL, 17),
	(539, '', 'wechat', 'SET', 'Users', 'wechat', '2015-07-28 00:20:28', NULL, 17),
	(540, '', '3', 'SET', 'Users', 'role_id', '2015-07-28 00:20:28', NULL, 17),
	(541, '', '2', 'SET', 'Users', 'application_id', '2015-07-28 00:20:28', NULL, 17),
	(542, '', '0746347c26adb409b4ca4687381af05a', 'SET', 'Users', 'password_hash', '2015-07-28 00:20:29', NULL, 17),
	(543, '', '335162', 'SET', 'Users', 'verify_code', '2015-07-28 00:20:29', NULL, 17),
	(544, '', '17', 'SET', 'Users', 'id', '2015-07-28 00:20:29', NULL, 17),
	(545, '', NULL, 'SET', 'Users', 'image', '2015-07-28 00:20:29', NULL, 17),
	(546, '', NULL, 'SET', 'Users', 'username', '2015-07-28 00:20:29', NULL, 17),
	(547, '', NULL, 'SET', 'Users', 'first_name', '2015-07-28 00:20:29', NULL, 17),
	(548, '', NULL, 'SET', 'Users', 'last_name', '2015-07-28 00:20:29', NULL, 17),
	(549, '', NULL, 'SET', 'Users', 'slug', '2015-07-28 00:20:29', NULL, 17),
	(550, '', NULL, 'SET', 'Users', 'login_attemp', '2015-07-28 00:20:29', NULL, 17),
	(551, '', NULL, 'SET', 'Users', 'created_date', '2015-07-28 00:20:30', NULL, 17),
	(552, '', NULL, 'SET', 'Users', 'last_logged_in', '2015-07-28 00:20:30', NULL, 17),
	(553, '', NULL, 'SET', 'Users', 'ip_address', '2015-07-28 00:20:30', NULL, 17),
	(554, '', NULL, 'SET', 'Users', 'gender', '2015-07-28 00:20:30', NULL, 17),
	(555, '', NULL, 'SET', 'Users', 'phone_private', '2015-07-28 00:20:30', NULL, 17),
	(556, '', NULL, 'SET', 'Users', 'area_code_id', '2015-07-28 00:20:30', NULL, 17),
	(557, '', NULL, 'SET', 'Users', 'address', '2015-07-28 00:20:30', NULL, 17),
	(558, '0000-00-00 00:00:00', '2015-07-28 00:21:38', 'CHANGE', 'Users', 'last_logged_in', '2015-07-28 00:21:38', NULL, 17),
	(559, '', '::1', 'CHANGE', 'Users', 'ip_address', '2015-07-28 00:21:38', NULL, 17),
	(560, NULL, '222', 'CHANGE', 'Users', 'phone_private', '2015-07-28 00:29:01', '17', 17),
	(561, '', '', 'CREATE', 'Users', 'N/A', '2015-07-28 00:39:00', NULL, 18),
	(562, '', '0', 'SET', 'Users', 'is_img_active', '2015-07-28 00:39:00', NULL, 18),
	(563, '', '1', 'SET', 'Users', 'status', '2015-07-28 00:39:00', NULL, 18),
	(564, '', 'user2', 'SET', 'Users', 'full_name', '2015-07-28 00:39:00', NULL, 18),
	(565, '', 'doan2012@', 'SET', 'Users', 'temp_password', '2015-07-28 00:39:00', NULL, 18),
	(566, '', 'user2@gmail.com', 'SET', 'Users', 'email', '2015-07-28 00:39:00', NULL, 18),
	(567, '', '902039000', 'SET', 'Users', 'phone_public', '2015-07-28 00:39:00', NULL, 18),
	(568, '', '0823229', 'SET', 'Users', 'phone_private', '2015-07-28 00:39:00', NULL, 18),
	(569, '', 'skype', 'SET', 'Users', 'skype', '2015-07-28 00:39:00', NULL, 18),
	(570, '', 'whatapps', 'SET', 'Users', 'whatapps', '2015-07-28 00:39:00', NULL, 18),
	(571, '', 'line', 'SET', 'Users', 'line', '2015-07-28 00:39:00', NULL, 18),
	(572, '', 'viber', 'SET', 'Users', 'viber', '2015-07-28 00:39:00', NULL, 18),
	(573, '', 'wechat', 'SET', 'Users', 'wechat', '2015-07-28 00:39:00', NULL, 18),
	(574, '', '3', 'SET', 'Users', 'role_id', '2015-07-28 00:39:00', NULL, 18),
	(575, '', '2', 'SET', 'Users', 'application_id', '2015-07-28 00:39:01', NULL, 18),
	(576, '', '0746347c26adb409b4ca4687381af05a', 'SET', 'Users', 'password_hash', '2015-07-28 00:39:01', NULL, 18),
	(577, '', '887253', 'SET', 'Users', 'verify_code', '2015-07-28 00:39:01', NULL, 18),
	(578, '', '18', 'SET', 'Users', 'id', '2015-07-28 00:39:01', NULL, 18),
	(579, '', NULL, 'SET', 'Users', 'image', '2015-07-28 00:39:01', NULL, 18),
	(580, '', NULL, 'SET', 'Users', 'username', '2015-07-28 00:39:01', NULL, 18),
	(581, '', NULL, 'SET', 'Users', 'first_name', '2015-07-28 00:39:01', NULL, 18),
	(582, '', NULL, 'SET', 'Users', 'last_name', '2015-07-28 00:39:01', NULL, 18),
	(583, '', NULL, 'SET', 'Users', 'slug', '2015-07-28 00:39:01', NULL, 18),
	(584, '', NULL, 'SET', 'Users', 'login_attemp', '2015-07-28 00:39:01', NULL, 18),
	(585, '', NULL, 'SET', 'Users', 'created_date', '2015-07-28 00:39:01', NULL, 18),
	(586, '', NULL, 'SET', 'Users', 'last_logged_in', '2015-07-28 00:39:01', NULL, 18),
	(587, '', NULL, 'SET', 'Users', 'ip_address', '2015-07-28 00:39:01', NULL, 18),
	(588, '', NULL, 'SET', 'Users', 'gender', '2015-07-28 00:39:01', NULL, 18),
	(589, '', NULL, 'SET', 'Users', 'area_code_id', '2015-07-28 00:39:01', NULL, 18),
	(590, '', NULL, 'SET', 'Users', 'address', '2015-07-28 00:39:02', NULL, 18),
	(591, '0000-00-00 00:00:00', '2015-07-28 00:39:18', 'CHANGE', 'Users', 'last_logged_in', '2015-07-28 00:39:18', NULL, 18),
	(592, '', '::1', 'CHANGE', 'Users', 'ip_address', '2015-07-28 00:39:18', NULL, 18),
	(593, '2015-07-28 00:21:38', '2015-07-28 00:41:56', 'CHANGE', 'Users', 'last_logged_in', '2015-07-28 00:41:56', NULL, 17),
	(594, 'doan2012@', '', 'CHANGE', 'Users', 'temp_password', '2015-07-28 00:44:31', '18', 18),
	(595, '2015-07-28 00:39:18', '2015-07-28 00:45:01', 'CHANGE', 'Users', 'last_logged_in', '2015-07-28 00:45:01', NULL, 18),
	(596, '', 'a123456', 'CHANGE', 'Users', 'temp_password', '2015-07-28 00:45:24', '18', 18),
	(597, 'a123456', '', 'CHANGE', 'Users', 'temp_password', '2015-07-28 00:49:19', '18', 18),
	(598, '', '123456a', 'CHANGE', 'Users', 'temp_password', '2015-07-28 00:49:36', '18', 18),
	(599, '0746347c26adb409b4ca4687381af05a', 'd41d8cd98f00b204e9800998ecf8427e', 'CHANGE', 'Users', 'password_hash', '2015-07-28 00:52:26', '18', 18),
	(600, '123456a', '123456ab', 'CHANGE', 'Users', 'temp_password', '2015-07-28 00:52:26', '18', 18),
	(601, '123456ab', '', 'CHANGE', 'Users', 'temp_password', '2015-07-28 00:52:34', '18', 18),
	(602, '0', '1', 'CHANGE', 'Users', 'login_attemp', '2015-07-28 00:52:55', NULL, 18),
	(603, '1', '2', 'CHANGE', 'Users', 'login_attemp', '2015-07-28 00:53:13', NULL, 18),
	(604, '2', '3', 'CHANGE', 'Users', 'login_attemp', '2015-07-28 00:55:38', NULL, 18),
	(605, '3', '0', 'CHANGE', 'Users', 'login_attemp', '2015-07-28 00:57:46', NULL, 18),
	(606, '2015-07-28 00:45:01', '2015-07-28 00:57:46', 'CHANGE', 'Users', 'last_logged_in', '2015-07-28 00:57:46', NULL, 18),
	(607, '2015-07-28 00:57:46', '2015-07-28 00:57:59', 'CHANGE', 'Users', 'last_logged_in', '2015-07-28 00:57:59', '18', 18),
	(608, 'defe12aad396f90e6b179c239de260d4', '0746347c26adb409b4ca4687381af05a', 'CHANGE', 'Users', 'password_hash', '2015-07-28 00:58:44', '18', 18),
	(609, '', 'doan2012@', 'CHANGE', 'Users', 'temp_password', '2015-07-28 00:58:44', '18', 18),
	(610, 'doan2012@', '', 'CHANGE', 'Users', 'temp_password', '2015-07-28 00:59:29', '18', 18),
	(611, '0746347c26adb409b4ca4687381af05a', 'defe12aad396f90e6b179c239de260d4', 'CHANGE', 'Users', 'password_hash', '2015-07-28 00:59:44', '18', 18),
	(612, '', '123456ab', 'CHANGE', 'Users', 'temp_password', '2015-07-28 00:59:44', '18', 18),
	(613, '2015-07-28 00:57:59', '2015-07-28 00:59:58', 'CHANGE', 'Users', 'last_logged_in', '2015-07-28 00:59:58', NULL, 18),
	(614, '2015-07-23 02:05:47', '2015-07-28 01:00:19', 'CHANGE', 'Users', 'last_logged_in', '2015-07-28 01:00:19', NULL, 2),
	(615, '2015-07-28 00:59:58', '2015-07-28 01:05:10', 'CHANGE', 'Users', 'last_logged_in', '2015-07-28 01:05:10', NULL, 18),
	(616, '2015-07-28 01:00:19', '2015-07-28 01:09:31', 'CHANGE', 'Users', 'last_logged_in', '2015-07-28 01:09:31', NULL, 2),
	(617, '', '', 'CREATE', 'Users', 'N/A', '2015-07-28 01:22:31', NULL, 19),
	(618, '', '0', 'SET', 'Users', 'is_img_active', '2015-07-28 01:22:31', NULL, 19),
	(619, '', '1', 'SET', 'Users', 'status', '2015-07-28 01:22:31', NULL, 19),
	(620, '', 'user3', 'SET', 'Users', 'full_name', '2015-07-28 01:22:31', NULL, 19),
	(621, '', 'doan2012@', 'SET', 'Users', 'temp_password', '2015-07-28 01:22:31', NULL, 19),
	(622, '', 'user3@gmail.com', 'SET', 'Users', 'email', '2015-07-28 01:22:31', NULL, 19),
	(623, '', '9203920', 'SET', 'Users', 'phone_public', '2015-07-28 01:22:32', NULL, 19),
	(624, '', '092002', 'SET', 'Users', 'phone_private', '2015-07-28 01:22:32', NULL, 19),
	(625, '', 'skype', 'SET', 'Users', 'skype', '2015-07-28 01:22:32', NULL, 19),
	(626, '', 'whatapps', 'SET', 'Users', 'whatapps', '2015-07-28 01:22:32', NULL, 19),
	(627, '', 'line', 'SET', 'Users', 'line', '2015-07-28 01:22:32', NULL, 19),
	(628, '', 'viber', 'SET', 'Users', 'viber', '2015-07-28 01:22:32', NULL, 19),
	(629, '', 'wechat', 'SET', 'Users', 'wechat', '2015-07-28 01:22:32', NULL, 19),
	(630, '', '3', 'SET', 'Users', 'role_id', '2015-07-28 01:22:32', NULL, 19),
	(631, '', '2', 'SET', 'Users', 'application_id', '2015-07-28 01:22:32', NULL, 19),
	(632, '', '0746347c26adb409b4ca4687381af05a', 'SET', 'Users', 'password_hash', '2015-07-28 01:22:32', NULL, 19),
	(633, '', '684226', 'SET', 'Users', 'verify_code', '2015-07-28 01:22:32', NULL, 19),
	(634, '', '19', 'SET', 'Users', 'id', '2015-07-28 01:22:32', NULL, 19),
	(635, '', NULL, 'SET', 'Users', 'image', '2015-07-28 01:22:32', NULL, 19),
	(636, '', NULL, 'SET', 'Users', 'username', '2015-07-28 01:22:32', NULL, 19),
	(637, '', NULL, 'SET', 'Users', 'first_name', '2015-07-28 01:22:32', NULL, 19),
	(638, '', NULL, 'SET', 'Users', 'last_name', '2015-07-28 01:22:32', NULL, 19),
	(639, '', NULL, 'SET', 'Users', 'slug', '2015-07-28 01:22:32', NULL, 19),
	(640, '', NULL, 'SET', 'Users', 'login_attemp', '2015-07-28 01:22:32', NULL, 19),
	(641, '', NULL, 'SET', 'Users', 'created_date', '2015-07-28 01:22:33', NULL, 19),
	(642, '', NULL, 'SET', 'Users', 'last_logged_in', '2015-07-28 01:22:33', NULL, 19),
	(643, '', NULL, 'SET', 'Users', 'ip_address', '2015-07-28 01:22:33', NULL, 19),
	(644, '', NULL, 'SET', 'Users', 'gender', '2015-07-28 01:22:33', NULL, 19),
	(645, '', NULL, 'SET', 'Users', 'area_code_id', '2015-07-28 01:22:33', NULL, 19),
	(646, '', NULL, 'SET', 'Users', 'address', '2015-07-28 01:22:33', NULL, 19),
	(647, '0000-00-00 00:00:00', '2015-07-28 01:22:45', 'CHANGE', 'Users', 'last_logged_in', '2015-07-28 01:22:45', NULL, 19),
	(648, '', '::1', 'CHANGE', 'Users', 'ip_address', '2015-07-28 01:22:45', NULL, 19),
	(649, '2015-07-28 01:09:31', '2015-07-28 02:04:39', 'CHANGE', 'Users', 'last_logged_in', '2015-07-28 02:04:39', NULL, 2),
	(650, '2015-07-28 00:41:56', '2015-07-28 02:06:37', 'CHANGE', 'Users', 'last_logged_in', '2015-07-28 02:06:37', NULL, 17),
	(651, '2015-07-28 01:05:10', '2015-07-28 02:11:30', 'CHANGE', 'Users', 'last_logged_in', '2015-07-28 02:11:30', NULL, 18);
/*!40000 ALTER TABLE `tbl_audit_trail` ENABLE KEYS */;
/*!40101 SET SQL_MODE=IFNULL(@OLD_SQL_MODE, '') */;
/*!40014 SET FOREIGN_KEY_CHECKS=IF(@OLD_FOREIGN_KEY_CHECKS IS NULL, 1, @OLD_FOREIGN_KEY_CHECKS) */;
/*!40101 SET CHARACTER_SET_CLIENT=@OLD_CHARACTER_SET_CLIENT */;
